X,Y,Z,ID,Date,Location Residual,Sensors Hit,Sensors Used,Apparent Volume,Seismic Moment,Local Magnitude
2.83E+03,4.67E+03,1.07E+03,nan,nan,4.15E+00,5.00E+00,4.00E+00,8.42E+04,4.65E+07,-1.70E+00
2.75E+03,4.80E+03,1.22E+03,nan,nan,1.04E+00,7.00E+00,7.00E+00,6.43E+04,2.81E+08,-1.00E+00
2.88E+03,4.65E+03,9.74E+02,nan,nan,1.05E+00,6.00E+00,5.00E+00,6.16E+03,2.23E+07,-1.70E+00
2.90E+03,4.69E+03,1.03E+03,nan,nan,1.94E+00,5.00E+00,5.00E+00,7.57E+02,2.13E+06,-2.40E+00
2.86E+03,4.65E+03,9.88E+02,nan,nan,2.40E-01,6.00E+00,6.00E+00,5.07E+02,9.64E+06,-1.80E+00
2.68E+03,4.77E+03,1.22E+03,nan,nan,6.24E+00,4.00E+00,4.00E+00,8.71E+02,3.16E+06,-2.30E+00
2.76E+03,4.80E+03,1.20E+03,nan,nan,2.17E+00,5.00E+00,5.00E+00,2.70E+02,4.18E+06,-2.00E+00
2.72E+03,4.76E+03,1.07E+03,nan,nan,1.39E+01,5.00E+00,4.00E+00,3.98E+03,8.15E+06,-2.10E+00
2.79E+03,4.76E+03,1.15E+03,nan,nan,1.11E+00,7.00E+00,5.00E+00,2.11E+02,2.78E+06,-2.20E+00
2.71E+03,YYYYYYYY,1.19E+03,nan,nan,1.40E+00,4.00E+00,4.00E+00,1.83E+01,1.68E+06,-2.10E+00
2.75E+03,4.75E+03,1.16E+03,nan,nan,2.57E+00,6.00E+00,6.00E+00,2.36E+02,3.77E+06,MMMMMMMMM
2.77E+03,4.75E+03,1.16E+03,nan,nan,2.24E+00,6.00E+00,6.00E+00,5.76E+02,1.76E+07,-1.50E+00
2.77E+03,4.73E+03,1.16E+03,nan,nan,8.80E-01,6.00E+00,6.00E+00,4.23E+03,3.39E+07,-1.50E+00
2.67E+03,4.76E+03,1.17E+03,nan,nan,1.57E+00,6.00E+00,6.00E+00,7.20E+04,1.57E+09,-3.00E-01
2.75E+03,4.82E+03,1.23E+03,nan,nan,1.61E+00,8.00E+00,7.00E+00,5.45E+03,7.55E+06,-2.10E+00
2.76E+03,4.81E+03,1.21E+03,nan,nan,2.29E+00,6.00E+00,6.00E+00,8.43E+02,2.46E+06,-2.40E+00
2.80E+03,4.77E+03,1.16E+03,nan,nan,2.34E+00,7.00E+00,6.00E+00,4.89E+02,1.26E+06,-2.60E+00
2.87E+03,4.73E+03,9.25E+02,nan,nan,1.05E+00,6.00E+00,5.00E+00,1.63E+03,5.88E+06,-2.10E+00
2.68E+03,4.83E+03,1.23E+03,nan,nan,3.99E+00,1.00E+01,1.00E+01,2.94E+04,1.11E+08,-1.20E+00
2.70E+03,4.81E+03,1.17E+03,nan,nan,3.31E+00,8.00E+00,6.00E+00,9.05E+02,2.22E+06,-2.40E+00
2.71E+03,4.74E+03,1.14E+03,nan,nan,3.70E+00,1.00E+01,9.00E+00,6.26E+02,9.96E+06,-1.80E+00
2.76E+03,4.78E+03,1.27E+03,nan,nan,2.15E+00,7.00E+00,5.00E+00,3.93E+02,4.74E+06,-2.00E+00
2.71E+03,4.76E+03,1.12E+03,nan,nan,2.82E+00,6.00E+00,5.00E+00,1.83E+01,5.95E+05,-2.50E+00
2.71E+03,4.74E+03,1.14E+03,nan,nan,4.37E+00,9.00E+00,9.00E+00,8.55E+02,6.59E+06,-2.00E+00
2.72E+03,4.72E+03,1.11E+03,nan,nan,2.57E+00,6.00E+00,5.00E+00,9.65E+00,1.50E+06,-2.00E+00
2.76E+03,4.81E+03,1.21E+03,nan,nan,2.86E+00,9.00E+00,8.00E+00,7.58E+02,4.69E+06,-2.10E+00
2.78E+03,4.80E+03,1.20E+03,nan,nan,2.66E+00,6.00E+00,6.00E+00,8.75E+01,7.26E+05,-2.60E+00
2.70E+03,4.77E+03,1.13E+03,nan,nan,1.85E+00,8.00E+00,6.00E+00,5.76E+02,2.73E+06,-2.30E+00
2.72E+03,4.74E+03,1.14E+03,nan,nan,1.75E+00,8.00E+00,7.00E+00,3.04E+01,4.66E+06,-1.70E+00
2.72E+03,4.74E+03,1.13E+03,nan,nan,1.13E+00,7.00E+00,6.00E+00,1.51E+02,1.89E+06,-2.30E+00
2.78E+03,4.78E+03,1.19E+03,nan,nan,7.40E-01,6.00E+00,6.00E+00,1.12E+02,1.93E+06,-2.20E+00
2.71E+03,4.74E+03,1.13E+03,nan,nan,1.47E+00,7.00E+00,6.00E+00,1.93E+02,1.76E+06,-2.30E+00
2.71E+03,4.76E+03,1.17E+03,nan,nan,1.26E+00,7.00E+00,7.00E+00,2.34E+01,1.57E+06,-2.10E+00
2.70E+03,4.75E+03,1.14E+03,nan,nan,1.34E+00,8.00E+00,6.00E+00,2.61E+02,5.25E+06,-1.90E+00
2.69E+03,4.73E+03,1.15E+03,nan,nan,2.32E+00,8.00E+00,8.00E+00,3.76E+03,2.38E+07,-1.60E+00
2.76E+03,4.76E+03,1.18E+03,nan,nan,1.30E+00,7.00E+00,7.00E+00,1.89E+01,7.63E+05,-2.40E+00
2.72E+03,4.74E+03,1.16E+03,nan,nan,2.32E+00,8.00E+00,6.00E+00,3.83E+03,1.98E+07,-1.70E+00
2.70E+03,4.74E+03,1.14E+03,nan,nan,8.40E-01,7.00E+00,6.00E+00,6.31E+02,1.11E+07,-1.70E+00
2.69E+03,4.72E+03,1.10E+03,nan,nan,1.67E+00,7.00E+00,6.00E+00,3.01E+02,4.19E+06,-2.00E+00
2.70E+03,4.72E+03,1.10E+03,nan,nan,1.42E+00,6.00E+00,4.00E+00,4.13E+02,4.07E+06,-2.10E+00
2.67E+03,4.77E+03,1.18E+03,nan,nan,1.63E+00,8.00E+00,8.00E+00,4.46E+04,2.94E+09,0.00E+00
2.70E+03,4.76E+03,1.13E+03,nan,nan,2.35E+00,6.00E+00,6.00E+00,3.65E+02,2.70E+06,-2.20E+00
2.80E+03,4.76E+03,1.15E+03,nan,nan,2.14E+00,7.00E+00,7.00E+00,2.65E+02,1.15E+06,-2.50E+00
2.66E+03,4.73E+03,1.14E+03,nan,nan,1.97E+00,6.00E+00,6.00E+00,4.75E+03,1.02E+07,-2.00E+00
2.69E+03,4.77E+03,1.18E+03,nan,nan,2.12E+00,8.00E+00,7.00E+00,1.10E+04,1.04E+07,-2.10E+00
2.70E+03,4.75E+03,1.14E+03,nan,nan,1.15E+00,6.00E+00,6.00E+00,2.18E+02,2.05E+06,-2.30E+00
2.71E+03,4.74E+03,1.14E+03,nan,nan,2.12E+00,9.00E+00,9.00E+00,7.40E+01,3.18E+06,-2.00E+00
2.76E+03,4.75E+03,1.18E+03,nan,nan,3.27E+00,1.00E+01,1.00E+01,6.46E+03,2.59E+08,-7.00E-01
2.71E+03,4.74E+03,1.17E+03,nan,nan,2.28E+00,8.00E+00,7.00E+00,1.93E+03,3.53E+07,-1.40E+00
2.57E+03,4.92E+03,1.47E+03,nan,nan,3.48E+00,1.00E+01,1.00E+01,5.13E+04,8.31E+08,-5.00E-01
2.87E+03,4.69E+03,9.76E+02,nan,nan,1.53E+00,1.00E+01,1.00E+01,4.00E+02,1.06E+07,-1.70E+00
2.76E+03,4.76E+03,1.18E+03,nan,nan,1.35E+00,9.00E+00,8.00E+00,1.11E+03,7.37E+06,-2.00E+00
2.76E+03,4.80E+03,1.24E+03,nan,nan,1.13E+00,6.00E+00,6.00E+00,5.50E+03,9.46E+06,-2.00E+00
2.77E+03,4.72E+03,1.13E+03,nan,nan,1.09E+00,8.00E+00,7.00E+00,4.42E+02,5.36E+06,-2.00E+00
2.72E+03,4.77E+03,1.18E+03,nan,nan,3.86E+00,7.00E+00,7.00E+00,1.06E+03,3.39E+06,-2.30E+00
2.55E+03,4.92E+03,1.48E+03,nan,nan,4.73E+00,9.00E+00,9.00E+00,9.73E+04,1.36E+09,-4.00E-01
2.83E+03,4.61E+03,9.91E+02,nan,nan,1.61E+00,8.00E+00,8.00E+00,1.92E+03,1.34E+07,-1.80E+00
2.69E+03,4.80E+03,1.22E+03,nan,nan,1.39E+00,9.00E+00,9.00E+00,2.65E+03,1.03E+07,-1.90E+00
2.76E+03,4.80E+03,1.24E+03,nan,nan,2.17E+00,7.00E+00,7.00E+00,5.81E+03,1.84E+07,-1.80E+00
2.75E+03,4.80E+03,1.26E+03,nan,nan,2.81E+00,8.00E+00,6.00E+00,1.85E+05,5.16E+07,-1.80E+00
2.68E+03,4.70E+03,1.04E+03,nan,nan,2.66E+00,9.00E+00,9.00E+00,1.36E+02,3.92E+06,-2.00E+00
2.68E+03,4.71E+03,1.04E+03,nan,nan,2.52E+00,9.00E+00,7.00E+00,6.62E+02,1.51E+07,-1.60E+00
2.86E+03,4.70E+03,1.02E+03,nan,nan,3.30E+00,6.00E+00,5.00E+00,7.76E+03,8.72E+06,-2.10E+00
2.68E+03,4.80E+03,1.29E+03,nan,nan,3.20E+00,8.00E+00,7.00E+00,4.95E+04,1.70E+08,-1.10E+00
2.73E+03,4.79E+03,1.18E+03,nan,nan,1.40E+00,6.00E+00,5.00E+00,6.86E+01,1.21E+06,-2.40E+00
2.71E+03,4.76E+03,1.17E+03,nan,nan,1.79E+00,7.00E+00,7.00E+00,3.63E+02,2.33E+06,-2.30E+00
2.70E+03,4.80E+03,1.13E+03,nan,nan,1.53E+00,6.00E+00,5.00E+00,1.34E+03,2.81E+06,-2.40E+00
2.73E+03,4.76E+03,1.17E+03,nan,nan,1.44E+00,7.00E+00,7.00E+00,2.20E+01,9.97E+05,-2.30E+00
2.64E+03,4.73E+03,1.17E+03,nan,nan,3.57E+00,9.00E+00,9.00E+00,2.03E+04,1.54E+08,-1.10E+00
2.73E+03,4.76E+03,1.17E+03,nan,nan,1.43E+00,8.00E+00,8.00E+00,3.68E+01,2.12E+06,-2.10E+00
2.85E+03,4.92E+03,1.02E+03,nan,nan,1.40E+00,6.00E+00,4.00E+00,6.01E+03,1.68E+07,-1.80E+00
2.69E+03,4.74E+03,1.18E+03,nan,nan,4.46E+00,1.00E+01,1.00E+01,2.05E+05,2.13E+10,7.00E-01
2.83E+03,4.74E+03,1.11E+03,nan,nan,1.41E+00,6.00E+00,6.00E+00,1.43E+04,7.92E+06,-2.20E+00
2.72E+03,4.76E+03,1.17E+03,nan,nan,1.34E+00,8.00E+00,8.00E+00,1.80E+02,9.83E+06,-1.60E+00
2.72E+03,4.76E+03,1.17E+03,nan,nan,1.72E+00,9.00E+00,9.00E+00,2.70E+02,4.53E+07,-1.10E+00
2.79E+03,4.67E+03,1.02E+03,nan,nan,6.30E-01,8.00E+00,7.00E+00,1.00E+03,6.82E+06,-2.00E+00
2.73E+03,4.79E+03,1.20E+03,nan,nan,1.61E+00,9.00E+00,9.00E+00,1.66E+03,2.48E+07,-1.50E+00
2.73E+03,4.78E+03,1.18E+03,nan,nan,9.20E-01,7.00E+00,7.00E+00,5.92E+01,1.26E+06,-2.30E+00
2.72E+03,4.76E+03,1.17E+03,nan,nan,1.25E+00,7.00E+00,6.00E+00,6.13E+00,8.83E+05,-2.20E+00
2.75E+03,4.79E+03,1.21E+03,nan,nan,2.45E+00,6.00E+00,6.00E+00,3.37E+02,2.55E+06,-2.30E+00
2.71E+03,4.75E+03,1.18E+03,nan,nan,2.01E+00,9.00E+00,9.00E+00,2.75E+04,1.57E+08,-1.10E+00
2.73E+03,4.76E+03,1.17E+03,nan,nan,1.32E+00,8.00E+00,7.00E+00,2.36E+01,1.01E+06,-2.30E+00
2.73E+03,4.76E+03,1.17E+03,nan,nan,8.00E-01,9.00E+00,8.00E+00,6.10E+01,1.32E+07,-1.40E+00
2.72E+03,4.77E+03,1.17E+03,nan,nan,1.29E+00,8.00E+00,6.00E+00,2.78E+02,4.20E+06,-2.00E+00
2.72E+03,4.76E+03,1.17E+03,nan,nan,1.14E+00,8.00E+00,8.00E+00,2.96E+02,6.42E+06,-1.90E+00
2.73E+03,4.76E+03,1.17E+03,nan,nan,1.86E+00,9.00E+00,8.00E+00,9.83E+02,1.12E+07,-1.80E+00
2.82E+03,4.80E+03,1.20E+03,nan,nan,1.21E+00,6.00E+00,6.00E+00,1.17E+02,1.21E+06,-2.40E+00
2.73E+03,4.77E+03,1.17E+03,nan,nan,1.10E+00,6.00E+00,6.00E+00,1.24E+01,5.89E+05,-2.50E+00
2.73E+03,4.76E+03,1.17E+03,nan,nan,1.29E+00,8.00E+00,8.00E+00,1.80E+01,1.67E+06,-2.10E+00
2.68E+03,4.76E+03,1.13E+03,nan,nan,1.47E+00,8.00E+00,8.00E+00,4.10E+03,1.90E+07,-1.70E+00
2.73E+03,4.76E+03,1.18E+03,nan,nan,1.39E+00,6.00E+00,5.00E+00,2.26E+02,1.70E+06,-2.40E+00
2.74E+03,4.77E+03,1.16E+03,nan,nan,2.13E+00,8.00E+00,8.00E+00,6.01E+01,1.17E+06,-2.40E+00
2.70E+03,4.72E+03,1.25E+03,nan,nan,2.55E+00,7.00E+00,6.00E+00,3.20E+03,1.38E+07,-1.80E+00
2.72E+03,4.73E+03,1.12E+03,nan,nan,1.21E+00,6.00E+00,4.00E+00,1.78E+02,1.00E+06,-2.60E+00
2.73E+03,4.68E+03,9.91E+02,nan,nan,2.30E+00,9.00E+00,9.00E+00,2.02E+03,1.76E+07,-1.70E+00
2.71E+03,4.72E+03,1.19E+03,nan,nan,4.18E+00,9.00E+00,9.00E+00,1.01E+04,2.94E+07,-1.70E+00
2.74E+03,4.75E+03,1.18E+03,nan,nan,6.20E-01,6.00E+00,6.00E+00,8.97E+02,4.13E+06,-2.20E+00
2.59E+03,4.96E+03,1.36E+03,nan,nan,2.34E+00,9.00E+00,9.00E+00,1.12E+05,3.89E+08,-9.00E-01
2.76E+03,4.76E+03,1.18E+03,nan,nan,1.32E+00,7.00E+00,7.00E+00,1.94E+02,2.12E+06,-2.30E+00
2.69E+03,4.79E+03,1.17E+03,nan,nan,1.33E+00,6.00E+00,6.00E+00,9.61E+02,3.00E+06,-2.30E+00
2.76E+03,4.79E+03,1.19E+03,nan,nan,8.30E-01,8.00E+00,8.00E+00,6.72E+01,2.11E+06,-2.10E+00
2.76E+03,4.76E+03,1.17E+03,nan,nan,2.11E+00,8.00E+00,8.00E+00,2.58E+01,2.10E+06,-2.00E+00
2.75E+03,4.75E+03,1.17E+03,nan,nan,1.58E+00,9.00E+00,8.00E+00,6.58E+02,7.91E+06,-1.90E+00
2.78E+03,4.76E+03,1.17E+03,nan,nan,1.60E+00,6.00E+00,6.00E+00,4.30E+01,3.19E+05,-2.90E+00
2.75E+03,4.75E+03,1.17E+03,nan,nan,1.90E+00,8.00E+00,5.00E+00,7.33E+02,1.85E+07,-1.50E+00
2.78E+03,4.73E+03,1.09E+03,nan,nan,5.10E-01,6.00E+00,5.00E+00,2.29E+01,1.88E+05,-3.00E+00
2.76E+03,4.74E+03,1.14E+03,nan,nan,8.70E-01,6.00E+00,6.00E+00,7.75E+00,3.13E+05,-2.70E+00
2.76E+03,4.74E+03,1.13E+03,nan,nan,1.30E+00,8.00E+00,7.00E+00,2.14E+02,2.96E+06,-2.10E+00
2.69E+03,4.76E+03,1.14E+03,nan,nan,7.20E-01,8.00E+00,4.00E+00,1.05E+03,7.06E+06,-2.00E+00
2.69E+03,4.76E+03,1.13E+03,nan,nan,1.97E+00,9.00E+00,9.00E+00,1.43E+04,1.06E+08,-1.20E+00
2.72E+03,4.75E+03,1.13E+03,nan,nan,1.47E+00,7.00E+00,6.00E+00,8.77E+01,1.02E+06,-2.50E+00
2.72E+03,4.75E+03,1.12E+03,nan,nan,1.37E+00,6.00E+00,5.00E+00,9.65E+01,1.30E+06,-2.40E+00
2.76E+03,4.76E+03,1.17E+03,nan,nan,1.20E+00,6.00E+00,6.00E+00,4.18E+01,7.37E+05,-2.50E+00
2.70E+03,4.73E+03,1.09E+03,nan,nan,1.85E+00,9.00E+00,6.00E+00,1.47E+03,8.93E+06,-1.90E+00
2.76E+03,4.76E+03,1.18E+03,nan,nan,1.51E+00,9.00E+00,8.00E+00,4.16E+02,1.93E+07,-1.50E+00
2.78E+03,4.78E+03,1.16E+03,nan,nan,1.45E+00,9.00E+00,9.00E+00,8.29E+02,2.94E+07,-1.40E+00
2.75E+03,4.83E+03,1.23E+03,nan,nan,2.00E+00,8.00E+00,7.00E+00,2.64E+04,3.58E+07,-1.70E+00
2.77E+03,4.76E+03,1.17E+03,nan,nan,3.01E+00,6.00E+00,6.00E+00,4.60E+01,6.84E+05,-2.60E+00
2.76E+03,4.79E+03,1.18E+03,nan,nan,8.20E-01,8.00E+00,6.00E+00,5.19E+01,1.42E+06,-2.30E+00
2.77E+03,4.76E+03,1.18E+03,nan,nan,2.13E+00,7.00E+00,7.00E+00,1.52E+02,3.39E+06,-2.00E+00
2.69E+03,4.71E+03,1.16E+03,nan,nan,3.04E+00,9.00E+00,9.00E+00,5.02E+03,2.13E+07,-1.70E+00
2.76E+03,4.77E+03,1.17E+03,nan,nan,1.30E+00,9.00E+00,9.00E+00,1.51E+03,2.89E+07,-1.40E+00
2.77E+03,4.77E+03,1.17E+03,nan,nan,1.92E+00,8.00E+00,7.00E+00,1.36E+02,1.28E+06,-2.40E+00
2.78E+03,4.75E+03,1.17E+03,nan,nan,8.70E-01,6.00E+00,6.00E+00,1.25E+03,8.32E+06,-1.90E+00
2.76E+03,4.78E+03,1.17E+03,nan,nan,1.96E+00,8.00E+00,8.00E+00,6.56E+02,3.75E+06,-2.20E+00
2.78E+03,4.76E+03,1.17E+03,nan,nan,1.25E+00,6.00E+00,5.00E+00,1.91E+02,7.90E+05,-2.70E+00
2.77E+03,4.76E+03,1.17E+03,nan,nan,1.84E+00,6.00E+00,5.00E+00,1.07E+02,7.76E+05,-2.60E+00
2.78E+03,4.76E+03,1.17E+03,nan,nan,1.56E+00,9.00E+00,8.00E+00,1.49E+02,1.97E+06,-2.30E+00
2.76E+03,4.78E+03,1.18E+03,nan,nan,1.50E+00,1.00E+01,1.00E+01,1.46E+03,4.03E+07,-1.30E+00
2.77E+03,4.74E+03,1.13E+03,nan,nan,1.21E+00,7.00E+00,7.00E+00,2.41E+01,4.49E+05,-2.60E+00
2.76E+03,4.77E+03,1.16E+03,nan,nan,1.72E+00,8.00E+00,7.00E+00,6.35E+02,5.44E+06,-2.00E+00
2.77E+03,4.73E+03,1.14E+03,nan,nan,1.99E+00,8.00E+00,7.00E+00,6.14E+01,1.95E+06,-2.20E+00
2.79E+03,4.75E+03,1.12E+03,nan,nan,3.00E+00,8.00E+00,7.00E+00,3.75E+02,2.21E+06,-2.30E+00
2.73E+03,4.74E+03,1.14E+03,nan,nan,1.08E+00,7.00E+00,5.00E+00,3.98E+01,1.13E+06,-2.30E+00
2.76E+03,4.73E+03,1.14E+03,nan,nan,1.19E+00,8.00E+00,8.00E+00,8.56E+01,7.76E+05,-2.60E+00
2.75E+03,4.73E+03,1.13E+03,nan,nan,1.62E+00,8.00E+00,8.00E+00,2.27E+02,2.98E+06,-2.10E+00
2.76E+03,4.77E+03,1.17E+03,nan,nan,1.77E+00,8.00E+00,8.00E+00,9.95E+02,1.10E+07,-1.80E+00
2.69E+03,4.74E+03,1.14E+03,nan,nan,1.54E+00,7.00E+00,6.00E+00,1.93E+03,5.08E+06,-2.20E+00
2.79E+03,4.78E+03,1.18E+03,nan,nan,8.30E-01,6.00E+00,6.00E+00,2.49E+01,6.44E+05,-2.50E+00
2.75E+03,4.90E+03,1.32E+03,nan,nan,1.89E+00,1.00E+01,1.00E+01,4.37E+04,3.32E+08,-8.00E-01
2.77E+03,4.74E+03,1.14E+03,nan,nan,1.73E+00,6.00E+00,6.00E+00,2.69E+01,3.01E+05,-2.80E+00
2.72E+03,4.75E+03,1.14E+03,nan,nan,1.51E+00,6.00E+00,6.00E+00,6.98E+00,3.80E+05,-2.60E+00
2.74E+03,4.78E+03,1.13E+03,nan,nan,2.22E+00,6.00E+00,6.00E+00,2.37E+03,3.49E+06,-2.40E+00
2.72E+03,4.74E+03,1.14E+03,nan,nan,1.30E+00,6.00E+00,6.00E+00,7.86E+01,6.35E+05,-2.60E+00
2.72E+03,4.75E+03,1.14E+03,nan,nan,1.39E+00,6.00E+00,6.00E+00,3.99E+00,5.15E+05,-2.40E+00
2.73E+03,4.74E+03,1.14E+03,nan,nan,2.04E+00,8.00E+00,8.00E+00,6.33E+01,1.35E+06,-2.30E+00
2.68E+03,4.72E+03,1.09E+03,nan,nan,2.34E+00,7.00E+00,7.00E+00,5.88E+02,5.13E+06,-2.00E+00
2.70E+03,4.74E+03,1.15E+03,nan,nan,2.10E+00,7.00E+00,6.00E+00,7.97E+03,1.03E+07,-2.10E+00
2.67E+03,4.71E+03,1.10E+03,nan,nan,1.06E+00,6.00E+00,6.00E+00,7.25E+02,3.12E+06,-2.30E+00
2.72E+03,4.73E+03,1.14E+03,nan,nan,2.21E+00,1.00E+01,1.00E+01,6.49E+02,3.35E+07,-1.30E+00
2.68E+03,4.71E+03,1.10E+03,nan,nan,2.42E+00,9.00E+00,8.00E+00,4.19E+02,8.54E+06,-1.80E+00
2.73E+03,4.75E+03,1.14E+03,nan,nan,7.70E-01,6.00E+00,5.00E+00,1.06E+02,7.23E+05,-2.60E+00
2.72E+03,4.74E+03,1.13E+03,nan,nan,1.70E+00,9.00E+00,8.00E+00,2.80E+01,2.28E+06,-2.00E+00
2.72E+03,4.75E+03,1.13E+03,nan,nan,1.12E+00,7.00E+00,6.00E+00,7.99E+02,3.40E+06,-2.20E+00
2.74E+03,4.74E+03,1.13E+03,nan,nan,5.90E-01,7.00E+00,5.00E+00,8.60E+00,4.27E+05,-2.50E+00
2.71E+03,4.72E+03,1.10E+03,nan,nan,2.14E+00,8.00E+00,8.00E+00,7.33E+02,3.33E+06,-2.20E+00
2.76E+03,4.77E+03,1.17E+03,nan,nan,1.82E+00,1.00E+01,1.00E+01,1.53E+03,1.69E+07,-1.70E+00
2.73E+03,4.74E+03,1.12E+03,nan,nan,1.96E+00,6.00E+00,6.00E+00,7.52E+01,1.11E+06,-2.40E+00
2.71E+03,4.72E+03,1.12E+03,nan,nan,2.06E+00,6.00E+00,6.00E+00,2.74E+03,1.23E+07,-1.90E+00
2.66E+03,4.74E+03,1.15E+03,nan,nan,3.04E+00,1.00E+01,8.00E+00,8.52E+03,3.32E+07,-1.60E+00
2.66E+03,4.73E+03,1.14E+03,nan,nan,1.28E+00,6.00E+00,5.00E+00,1.04E+04,1.57E+07,-1.90E+00
2.69E+03,4.71E+03,1.14E+03,nan,nan,3.06E+00,1.00E+01,9.00E+00,6.36E+02,2.38E+07,-1.40E+00
2.86E+03,4.73E+03,9.92E+02,nan,nan,1.46E+00,6.00E+00,5.00E+00,1.49E+03,4.30E+06,-2.20E+00
2.73E+03,4.73E+03,1.14E+03,nan,nan,1.81E+00,8.00E+00,8.00E+00,1.24E+02,2.65E+06,-2.10E+00
2.70E+03,4.72E+03,1.09E+03,nan,nan,4.08E+00,1.00E+01,1.00E+01,8.07E+03,1.04E+08,-1.10E+00
2.72E+03,4.73E+03,1.12E+03,nan,nan,2.02E+00,1.00E+01,1.00E+01,1.40E+04,2.26E+08,-9.00E-01
2.73E+03,4.73E+03,1.12E+03,nan,nan,2.32E+00,1.00E+01,1.00E+01,1.00E+04,1.72E+08,-9.00E-01
2.71E+03,4.71E+03,1.08E+03,nan,nan,2.74E+00,1.00E+01,8.00E+00,2.02E+03,9.20E+06,-1.90E+00
2.70E+03,4.73E+03,1.10E+03,nan,nan,2.89E+00,1.00E+01,1.00E+01,9.70E+02,1.49E+07,-1.70E+00
2.72E+03,4.72E+03,1.10E+03,nan,nan,2.15E+00,1.00E+01,1.00E+01,2.03E+03,1.18E+08,-9.00E-01
2.75E+03,4.78E+03,1.15E+03,nan,nan,1.67E+00,8.00E+00,7.00E+00,9.81E+01,1.37E+06,-2.40E+00
2.68E+03,4.72E+03,1.10E+03,nan,nan,4.84E+00,9.00E+00,9.00E+00,2.38E+03,1.88E+07,-1.70E+00
2.78E+03,4.73E+03,1.12E+03,nan,nan,3.20E+00,1.00E+01,1.00E+01,3.58E+03,2.83E+08,-6.00E-01
2.77E+03,4.72E+03,1.10E+03,nan,nan,3.58E+00,1.00E+01,1.00E+01,4.37E+02,3.83E+07,-1.20E+00
2.71E+03,4.69E+03,1.09E+03,nan,nan,2.09E+00,6.00E+00,6.00E+00,1.30E+02,1.18E+06,-2.50E+00
2.77E+03,4.72E+03,1.10E+03,nan,nan,1.62E+00,6.00E+00,6.00E+00,3.90E+01,4.47E+05,-2.70E+00
2.70E+03,4.72E+03,1.08E+03,nan,nan,3.49E+00,9.00E+00,8.00E+00,5.03E+01,2.30E+06,-2.10E+00
2.80E+03,4.73E+03,1.12E+03,nan,nan,1.27E+00,6.00E+00,5.00E+00,1.25E+02,6.41E+05,-2.70E+00
2.73E+03,4.72E+03,1.10E+03,nan,nan,2.15E+00,6.00E+00,5.00E+00,2.17E+02,1.33E+06,-2.50E+00
2.76E+03,4.79E+03,1.19E+03,nan,nan,1.21E+00,8.00E+00,6.00E+00,2.93E+03,4.49E+06,-2.30E+00
2.63E+03,4.77E+03,1.15E+03,nan,nan,4.05E+00,1.00E+01,1.00E+01,2.30E+04,3.48E+08,-8.00E-01
2.66E+03,4.73E+03,1.10E+03,nan,nan,3.80E+00,1.00E+01,1.00E+01,1.41E+04,3.10E+08,-7.00E-01
2.79E+03,4.77E+03,1.17E+03,nan,nan,2.56E+00,9.00E+00,9.00E+00,1.92E+02,3.80E+06,-2.00E+00
2.79E+03,4.74E+03,1.14E+03,nan,nan,2.67E+00,1.00E+01,1.00E+01,3.26E+02,5.48E+06,-1.90E+00
2.79E+03,4.77E+03,1.17E+03,nan,nan,2.53E+00,7.00E+00,7.00E+00,2.92E+02,1.09E+06,-2.60E+00
2.79E+03,4.80E+03,1.25E+03,nan,nan,2.05E+00,7.00E+00,7.00E+00,8.91E+02,5.79E+06,-2.00E+00
2.78E+03,4.71E+03,1.07E+03,nan,nan,2.20E+00,6.00E+00,6.00E+00,8.23E+01,9.28E+05,-2.50E+00
2.72E+03,4.72E+03,1.11E+03,nan,nan,3.78E+00,1.00E+01,8.00E+00,1.67E+03,1.52E+07,-1.70E+00
2.74E+03,4.73E+03,1.14E+03,nan,nan,1.01E+00,8.00E+00,8.00E+00,4.41E+02,2.78E+06,-2.20E+00
2.71E+03,4.71E+03,1.08E+03,nan,nan,1.94E+00,9.00E+00,8.00E+00,3.79E+02,3.23E+06,-2.20E+00
2.77E+03,4.82E+03,1.22E+03,nan,nan,4.19E+00,8.00E+00,8.00E+00,9.63E+03,2.63E+07,-1.70E+00
2.79E+03,4.77E+03,1.17E+03,nan,nan,2.82E+00,6.00E+00,6.00E+00,9.17E+02,2.17E+06,-2.40E+00
2.66E+03,4.74E+03,1.14E+03,nan,nan,4.13E+00,9.00E+00,7.00E+00,5.24E+04,4.36E+08,-8.00E-01
2.68E+03,4.70E+03,1.16E+03,nan,nan,5.10E+00,7.00E+00,6.00E+00,2.90E+04,2.03E+07,-1.90E+00
2.74E+03,4.83E+03,1.27E+03,nan,nan,4.26E+00,7.00E+00,7.00E+00,5.71E+03,1.30E+07,-1.90E+00
2.75E+03,4.77E+03,1.11E+03,nan,nan,1.79E+00,7.00E+00,7.00E+00,6.65E+02,1.23E+06,-2.60E+00
2.66E+03,4.72E+03,1.14E+03,nan,nan,1.51E+00,7.00E+00,7.00E+00,9.39E+03,1.87E+07,-1.80E+00
2.71E+03,4.69E+03,1.15E+03,nan,nan,3.54E+00,8.00E+00,8.00E+00,1.61E+03,5.94E+06,-2.10E+00
3.00E+03,4.64E+03,1.01E+03,nan,nan,4.98E+00,7.00E+00,7.00E+00,1.81E+04,2.22E+07,-1.80E+00
2.82E+03,4.79E+03,1.08E+03,nan,nan,0.00E+00,4.00E+00,3.00E+00,3.32E+01,6.88E+04,-3.40E+00
2.77E+03,4.76E+03,1.10E+03,nan,nan,1.51E+00,4.00E+00,4.00E+00,5.10E+01,8.41E+04,-3.40E+00
2.90E+03,4.64E+03,9.73E+02,nan,nan,3.07E+00,9.00E+00,9.00E+00,2.93E+03,1.88E+07,-1.70E+00
2.87E+03,4.65E+03,1.03E+03,nan,nan,1.84E+00,7.00E+00,7.00E+00,8.32E+02,4.93E+06,-2.10E+00
2.76E+03,4.95E+03,1.24E+03,nan,nan,1.83E+00,7.00E+00,7.00E+00,2.15E+03,1.29E+07,-1.80E+00
2.90E+03,4.55E+03,9.70E+02,nan,nan,3.20E+00,9.00E+00,9.00E+00,1.19E+04,4.06E+07,-1.50E+00
2.89E+03,4.55E+03,9.77E+02,nan,nan,5.53E+00,9.00E+00,9.00E+00,1.21E+04,1.05E+08,-1.20E+00
2.98E+03,4.66E+03,1.04E+03,nan,nan,5.01E+00,5.00E+00,5.00E+00,7.46E+02,1.13E+07,-1.70E+00
2.74E+03,4.72E+03,1.10E+03,nan,nan,3.20E+00,9.00E+00,9.00E+00,4.86E+02,3.29E+06,-2.20E+00
2.75E+03,4.73E+03,1.10E+03,nan,nan,2.43E+00,7.00E+00,6.00E+00,2.06E+02,1.08E+06,-2.50E+00
2.74E+03,4.73E+03,1.11E+03,nan,nan,2.18E+00,8.00E+00,5.00E+00,6.46E+04,2.49E+07,-1.90E+00
2.73E+03,4.78E+03,1.16E+03,nan,nan,7.81E+00,1.00E+01,7.00E+00,2.36E+04,8.65E+07,-1.30E+00
2.66E+03,4.72E+03,1.15E+03,nan,nan,2.82E+00,6.00E+00,5.00E+00,3.99E+03,1.26E+07,-1.90E+00
2.81E+03,4.80E+03,1.15E+03,nan,nan,2.85E+00,6.00E+00,4.00E+00,2.19E+03,8.43E+06,-2.00E+00
2.68E+03,4.73E+03,1.16E+03,nan,nan,4.70E+00,1.00E+01,9.00E+00,1.57E+04,2.31E+07,-1.80E+00
2.83E+03,4.75E+03,1.18E+03,nan,nan,3.25E+00,7.00E+00,6.00E+00,8.26E+03,1.36E+07,-2.00E+00
2.91E+03,4.64E+03,1.04E+03,nan,nan,4.01E+00,8.00E+00,8.00E+00,1.67E+03,5.70E+06,-2.10E+00
2.80E+03,4.76E+03,1.17E+03,nan,nan,3.39E+00,7.00E+00,7.00E+00,1.25E+03,3.14E+06,-2.30E+00
2.79E+03,4.78E+03,1.17E+03,nan,nan,2.89E+00,7.00E+00,7.00E+00,2.40E+02,1.09E+06,-2.60E+00
2.70E+03,4.70E+03,1.17E+03,nan,nan,5.39E+00,1.00E+01,1.00E+01,6.00E+03,1.78E+07,-1.80E+00
2.80E+03,4.77E+03,1.14E+03,nan,nan,2.25E+00,7.00E+00,7.00E+00,2.25E+02,8.60E+05,-2.60E+00
2.81E+03,4.77E+03,1.10E+03,nan,nan,2.01E+00,7.00E+00,7.00E+00,3.07E+03,3.44E+06,-2.40E+00
2.74E+03,4.71E+03,1.08E+03,nan,nan,2.56E+00,6.00E+00,6.00E+00,5.06E+02,1.36E+06,-2.60E+00
2.69E+03,4.68E+03,1.18E+03,nan,nan,8.69E+00,1.40E+01,1.40E+01,2.06E+04,4.87E+08,-6.00E-01
2.99E+03,4.74E+03,9.64E+02,nan,nan,3.19E+00,8.00E+00,4.00E+00,1.04E+04,8.48E+07,-1.20E+00
2.77E+03,4.73E+03,1.13E+03,nan,nan,2.22E+00,6.00E+00,6.00E+00,5.68E+03,4.30E+06,-2.40E+00
2.75E+03,4.73E+03,1.14E+03,nan,nan,2.75E+00,1.20E+01,1.00E+01,5.69E+04,1.76E+09,-2.00E-01
2.68E+03,4.72E+03,1.10E+03,nan,nan,2.67E+00,6.00E+00,5.00E+00,1.10E+04,2.47E+07,-1.70E+00
2.70E+03,4.74E+03,1.07E+03,nan,nan,1.96E+00,5.00E+00,5.00E+00,4.59E+02,2.48E+06,-2.30E+00
2.79E+03,4.75E+03,1.09E+03,nan,nan,1.57E+00,5.00E+00,5.00E+00,4.47E+02,1.03E+06,-2.70E+00
2.78E+03,4.74E+03,1.09E+03,nan,nan,1.83E+00,5.00E+00,5.00E+00,1.63E+02,2.14E+05,-3.20E+00
2.75E+03,4.71E+03,1.16E+03,nan,nan,3.75E+00,7.00E+00,6.00E+00,5.59E+03,1.41E+07,-1.90E+00
2.72E+03,4.73E+03,1.09E+03,nan,nan,2.59E+00,9.00E+00,7.00E+00,5.82E+03,2.26E+07,-1.70E+00
2.79E+03,4.72E+03,1.11E+03,nan,nan,2.94E+00,6.00E+00,6.00E+00,1.82E+02,5.50E+06,-1.90E+00
2.78E+03,4.73E+03,1.09E+03,nan,nan,1.50E+00,5.00E+00,5.00E+00,3.58E+02,8.31E+05,-2.70E+00
2.78E+03,4.72E+03,1.09E+03,nan,nan,2.41E+00,6.00E+00,6.00E+00,3.13E+02,1.15E+06,-2.60E+00
2.77E+03,4.70E+03,1.10E+03,nan,nan,2.69E+00,6.00E+00,6.00E+00,9.07E+03,1.02E+07,-2.10E+00
2.71E+03,4.73E+03,1.09E+03,nan,nan,3.70E+00,8.00E+00,7.00E+00,5.06E+02,2.56E+06,-2.30E+00
2.75E+03,4.73E+03,1.09E+03,nan,nan,2.90E+00,9.00E+00,6.00E+00,4.75E+02,2.40E+06,-2.30E+00
2.71E+03,4.72E+03,1.08E+03,nan,nan,4.34E+00,1.10E+01,6.00E+00,7.22E+03,2.05E+07,-1.80E+00
2.78E+03,4.73E+03,1.10E+03,nan,nan,2.28E+00,8.00E+00,7.00E+00,3.66E+02,1.69E+06,-2.40E+00
2.78E+03,4.72E+03,1.10E+03,nan,nan,2.13E+00,9.00E+00,9.00E+00,3.24E+03,2.10E+07,-1.70E+00
2.75E+03,4.74E+03,1.08E+03,nan,nan,2.24E+00,6.00E+00,6.00E+00,5.20E+04,1.97E+06,-3.00E+00
2.81E+03,4.76E+03,1.15E+03,nan,nan,2.99E+00,6.00E+00,6.00E+00,1.51E+04,7.74E+06,-2.30E+00
2.77E+03,4.72E+03,1.17E+03,nan,nan,3.90E+00,8.00E+00,6.00E+00,4.44E+04,4.39E+07,-1.70E+00
2.71E+03,4.75E+03,1.08E+03,nan,nan,3.00E+00,9.00E+00,8.00E+00,7.89E+03,7.82E+06,-2.20E+00
2.70E+03,4.80E+03,1.15E+03,nan,nan,2.35E+00,1.10E+01,9.00E+00,1.94E+03,1.92E+07,-1.60E+00
2.70E+03,4.73E+03,1.09E+03,nan,nan,2.91E+00,9.00E+00,9.00E+00,1.42E+04,1.60E+07,-1.90E+00
2.73E+03,4.73E+03,1.10E+03,nan,nan,3.23E+00,5.00E+00,5.00E+00,2.91E+03,6.82E+06,-2.10E+00
2.74E+03,4.73E+03,1.09E+03,nan,nan,3.80E+00,1.10E+01,1.10E+01,4.20E+03,1.72E+07,-1.80E+00
2.71E+03,4.72E+03,1.10E+03,nan,nan,1.69E+00,7.00E+00,7.00E+00,2.43E+04,1.89E+07,-1.90E+00
2.70E+03,4.70E+03,1.10E+03,nan,nan,5.86E+00,1.30E+01,1.30E+01,5.99E+03,5.28E+07,-1.40E+00
2.74E+03,4.72E+03,1.09E+03,nan,nan,4.05E+00,1.20E+01,1.20E+01,6.58E+02,1.23E+07,-1.70E+00
2.74E+03,4.72E+03,1.09E+03,nan,nan,3.19E+00,7.00E+00,7.00E+00,4.25E+02,1.61E+06,-2.50E+00
2.72E+03,4.75E+03,1.10E+03,nan,nan,2.50E+00,6.00E+00,6.00E+00,7.66E+02,3.66E+06,-2.20E+00
2.73E+03,4.72E+03,1.08E+03,nan,nan,1.61E+00,6.00E+00,6.00E+00,1.03E+03,2.36E+06,-2.40E+00
2.73E+03,4.72E+03,1.08E+03,nan,nan,4.81E+00,1.20E+01,1.20E+01,4.05E+03,3.00E+07,-1.50E+00
2.73E+03,4.71E+03,1.08E+03,nan,nan,4.58E+00,1.20E+01,1.20E+01,3.26E+03,6.42E+07,-1.20E+00
2.70E+03,4.71E+03,1.08E+03,nan,nan,4.55E+00,1.10E+01,1.10E+01,1.38E+03,6.78E+06,-2.00E+00
2.72E+03,4.70E+03,1.07E+03,nan,nan,4.08E+00,9.00E+00,9.00E+00,6.88E+03,1.35E+07,-1.90E+00
2.80E+03,4.73E+03,1.12E+03,nan,nan,2.99E+00,8.00E+00,8.00E+00,8.01E+02,2.98E+06,-2.30E+00
2.70E+03,4.73E+03,1.09E+03,nan,nan,5.06E+00,1.30E+01,1.30E+01,1.03E+04,9.60E+07,-1.20E+00
2.73E+03,4.70E+03,1.09E+03,nan,nan,4.95E+00,1.30E+01,1.20E+01,1.04E+04,3.09E+07,-1.60E+00
2.73E+03,4.71E+03,1.09E+03,nan,nan,4.07E+00,1.00E+01,1.00E+01,3.19E+03,2.34E+07,-1.60E+00
2.72E+03,4.71E+03,1.09E+03,nan,nan,5.14E+00,1.20E+01,1.20E+01,1.27E+04,6.33E+07,-1.40E+00
2.85E+03,4.63E+03,9.45E+02,nan,nan,5.41E+00,1.20E+01,1.20E+01,4.82E+03,3.02E+07,-1.60E+00
2.67E+03,4.68E+03,1.14E+03,nan,nan,5.14E+00,6.00E+00,6.00E+00,2.18E+04,5.20E+07,-1.50E+00
2.84E+03,4.72E+03,1.28E+03,nan,nan,5.85E+00,9.00E+00,7.00E+00,1.77E+04,2.74E+07,-1.80E+00
2.77E+03,4.72E+03,1.10E+03,nan,nan,2.80E+00,8.00E+00,8.00E+00,9.60E+02,3.06E+06,-2.30E+00
2.76E+03,4.71E+03,1.08E+03,nan,nan,3.83E+00,1.10E+01,1.10E+01,1.49E+03,7.84E+06,-2.00E+00
2.76E+03,4.75E+03,1.08E+03,nan,nan,1.41E+00,7.00E+00,7.00E+00,8.43E+02,2.14E+06,-2.40E+00
2.74E+03,4.72E+03,1.09E+03,nan,nan,3.26E+00,8.00E+00,8.00E+00,1.84E+03,6.82E+06,-2.10E+00
2.71E+03,4.68E+03,1.04E+03,nan,nan,3.62E+00,8.00E+00,8.00E+00,2.71E+03,1.29E+07,-1.80E+00
2.77E+03,4.74E+03,1.10E+03,nan,nan,1.58E+00,6.00E+00,6.00E+00,6.37E+02,1.33E+06,-2.60E+00
2.81E+03,4.75E+03,1.12E+03,nan,nan,2.06E+00,6.00E+00,6.00E+00,4.10E+02,6.82E+05,-2.80E+00
2.81E+03,4.73E+03,1.13E+03,nan,nan,1.30E+00,6.00E+00,6.00E+00,2.66E+02,7.61E+05,-2.70E+00
2.77E+03,4.72E+03,1.10E+03,nan,nan,2.68E+00,6.00E+00,6.00E+00,3.40E+02,8.64E+05,-2.70E+00
2.78E+03,4.72E+03,1.10E+03,nan,nan,2.13E+00,8.00E+00,7.00E+00,3.18E+03,9.01E+06,-2.00E+00
2.77E+03,4.73E+03,1.10E+03,nan,nan,3.14E+00,1.10E+01,1.10E+01,2.56E+03,1.71E+07,-1.70E+00
2.77E+03,4.73E+03,1.09E+03,nan,nan,2.43E+00,7.00E+00,7.00E+00,4.07E+02,1.41E+06,-2.50E+00
2.88E+03,4.69E+03,1.05E+03,nan,nan,3.92E+00,1.00E+01,8.00E+00,4.08E+03,9.89E+06,-2.00E+00
2.80E+03,4.76E+03,1.13E+03,nan,nan,1.90E+00,6.00E+00,6.00E+00,7.66E+02,2.00E+06,-2.40E+00
2.70E+03,4.74E+03,1.10E+03,nan,nan,3.50E+00,1.10E+01,1.10E+01,1.88E+03,1.04E+07,-1.90E+00
2.77E+03,4.72E+03,1.10E+03,nan,nan,3.96E+00,1.20E+01,1.20E+01,4.21E+03,5.76E+07,-1.30E+00
2.71E+03,4.72E+03,1.07E+03,nan,nan,2.40E+00,6.00E+00,5.00E+00,1.96E+02,1.51E+06,-2.40E+00
2.74E+03,4.72E+03,1.09E+03,nan,nan,3.26E+00,8.00E+00,8.00E+00,5.39E+03,8.13E+06,-2.10E+00
2.71E+03,4.70E+03,1.10E+03,nan,nan,5.27E+00,1.30E+01,1.20E+01,1.62E+04,1.06E+08,-1.20E+00
2.77E+03,4.72E+03,1.10E+03,nan,nan,4.12E+00,1.20E+01,1.20E+01,2.30E+03,2.40E+07,-1.60E+00
2.73E+03,4.72E+03,1.07E+03,nan,nan,3.42E+00,6.00E+00,6.00E+00,5.71E+02,1.98E+06,-2.40E+00
2.72E+03,4.74E+03,1.10E+03,nan,nan,4.31E+00,1.00E+01,7.00E+00,1.26E+04,2.84E+07,-1.70E+00
2.71E+03,4.72E+03,1.10E+03,nan,nan,5.14E+00,1.30E+01,1.00E+01,7.74E+03,6.50E+07,-1.30E+00
2.73E+03,4.71E+03,1.12E+03,nan,nan,4.21E+00,1.00E+01,8.00E+00,2.65E+04,1.77E+07,-2.00E+00
2.69E+03,4.72E+03,1.10E+03,nan,nan,4.42E+00,1.00E+01,9.00E+00,1.89E+03,1.41E+07,-1.80E+00
2.66E+03,4.72E+03,1.09E+03,nan,nan,7.32E+00,1.40E+01,1.40E+01,6.42E+03,7.86E+08,-3.00E-01
2.71E+03,4.71E+03,1.07E+03,nan,nan,5.19E+00,1.30E+01,1.30E+01,1.04E+04,2.06E+08,-9.00E-01
2.77E+03,4.74E+03,1.06E+03,nan,nan,1.91E+00,6.00E+00,6.00E+00,1.02E+04,4.80E+06,-2.40E+00
2.78E+03,4.72E+03,1.09E+03,nan,nan,3.44E+00,1.10E+01,1.10E+01,3.25E+03,1.71E+07,-1.70E+00
2.78E+03,4.74E+03,1.10E+03,nan,nan,1.07E+00,7.00E+00,6.00E+00,3.61E+02,7.71E+05,-2.70E+00
2.78E+03,4.71E+03,1.08E+03,nan,nan,3.57E+00,1.10E+01,1.10E+01,1.85E+03,9.18E+06,-1.90E+00
2.78E+03,4.73E+03,1.10E+03,nan,nan,1.57E+00,6.00E+00,6.00E+00,2.49E+02,4.51E+05,-2.90E+00
2.77E+03,4.73E+03,1.10E+03,nan,nan,1.74E+00,6.00E+00,5.00E+00,3.20E+02,1.13E+06,-2.60E+00
2.74E+03,4.78E+03,1.07E+03,nan,nan,1.15E+00,6.00E+00,4.00E+00,1.66E+03,2.82E+06,-2.40E+00
2.78E+03,4.71E+03,1.06E+03,nan,nan,3.64E+00,1.10E+01,1.10E+01,1.44E+03,1.03E+07,-1.90E+00
2.78E+03,4.73E+03,1.10E+03,nan,nan,1.79E+00,7.00E+00,7.00E+00,8.43E+02,3.27E+06,-2.30E+00
2.79E+03,4.71E+03,1.07E+03,nan,nan,3.36E+00,1.00E+01,1.00E+01,2.41E+03,8.27E+06,-2.00E+00
2.74E+03,4.73E+03,1.08E+03,nan,nan,2.30E+00,6.00E+00,6.00E+00,1.89E+03,1.32E+06,-2.70E+00
2.77E+03,4.73E+03,1.09E+03,nan,nan,7.30E-01,6.00E+00,5.00E+00,1.08E+03,1.43E+06,-2.60E+00
2.78E+03,4.72E+03,1.09E+03,nan,nan,1.35E+00,6.00E+00,5.00E+00,3.89E+02,1.09E+06,-2.60E+00
2.78E+03,4.72E+03,1.10E+03,nan,nan,2.21E+00,8.00E+00,7.00E+00,5.91E+02,3.68E+06,-2.20E+00
2.86E+03,4.61E+03,9.91E+02,nan,nan,4.39E+00,1.20E+01,1.20E+01,3.44E+03,3.57E+07,-1.50E+00
2.77E+03,4.72E+03,1.10E+03,nan,nan,2.54E+00,8.00E+00,7.00E+00,8.37E+02,3.06E+06,-2.30E+00
2.77E+03,4.72E+03,1.08E+03,nan,nan,2.97E+00,9.00E+00,7.00E+00,8.97E+02,4.73E+06,-2.10E+00
2.77E+03,4.72E+03,1.09E+03,nan,nan,2.91E+00,8.00E+00,8.00E+00,1.59E+03,4.55E+06,-2.20E+00
2.78E+03,4.74E+03,1.09E+03,nan,nan,1.49E+00,6.00E+00,6.00E+00,5.77E+02,2.57E+06,-2.30E+00
2.80E+03,4.71E+03,1.09E+03,nan,nan,3.20E+00,1.00E+01,9.00E+00,2.55E+02,6.25E+06,-1.90E+00
2.78E+03,4.72E+03,1.09E+03,nan,nan,1.94E+00,7.00E+00,7.00E+00,7.98E+02,2.86E+06,-2.30E+00
2.78E+03,4.72E+03,1.09E+03,nan,nan,3.25E+00,9.00E+00,9.00E+00,1.30E+03,5.78E+06,-2.10E+00
2.72E+03,4.72E+03,1.06E+03,nan,nan,3.04E+00,7.00E+00,6.00E+00,1.42E+04,1.36E+07,-2.00E+00
2.73E+03,4.71E+03,1.07E+03,nan,nan,3.03E+00,6.00E+00,6.00E+00,4.87E+02,1.83E+06,-2.40E+00
2.79E+03,4.72E+03,1.13E+03,nan,nan,5.11E+00,5.00E+00,5.00E+00,6.93E+03,3.59E+07,-1.50E+00
2.70E+03,4.68E+03,1.10E+03,nan,nan,5.49E+00,1.10E+01,9.00E+00,1.41E+04,2.80E+07,-1.70E+00
2.76E+03,4.71E+03,1.10E+03,nan,nan,2.55E+00,6.00E+00,6.00E+00,1.12E+03,2.07E+06,-2.50E+00
2.75E+03,4.68E+03,1.08E+03,nan,nan,4.11E+00,7.00E+00,6.00E+00,6.60E+03,7.55E+06,-2.20E+00
2.76E+03,4.69E+03,1.09E+03,nan,nan,4.79E+00,1.30E+01,1.20E+01,4.13E+04,2.11E+08,-1.00E+00
2.79E+03,4.70E+03,1.12E+03,nan,nan,3.15E+00,8.00E+00,7.00E+00,3.54E+03,9.20E+06,-2.00E+00
2.77E+03,4.72E+03,1.09E+03,nan,nan,2.93E+00,9.00E+00,9.00E+00,8.88E+02,3.03E+06,-2.30E+00
2.72E+03,4.69E+03,1.10E+03,nan,nan,3.43E+00,8.00E+00,8.00E+00,2.93E+03,6.80E+06,-2.10E+00
2.76E+03,4.72E+03,1.10E+03,nan,nan,2.76E+00,6.00E+00,5.00E+00,8.05E+02,1.75E+06,-2.50E+00
2.77E+03,4.71E+03,1.09E+03,nan,nan,2.43E+00,7.00E+00,6.00E+00,8.58E+02,2.09E+06,-2.40E+00
2.78E+03,4.72E+03,1.09E+03,nan,nan,3.54E+00,9.00E+00,9.00E+00,1.69E+03,6.71E+06,-2.00E+00
2.76E+03,4.71E+03,1.10E+03,nan,nan,1.96E+00,6.00E+00,5.00E+00,7.50E+02,1.65E+06,-2.50E+00
2.77E+03,4.73E+03,1.10E+03,nan,nan,2.86E+00,6.00E+00,6.00E+00,1.51E+03,1.56E+06,-2.60E+00
2.72E+03,4.74E+03,1.06E+03,nan,nan,1.79E+00,7.00E+00,6.00E+00,2.56E+02,1.48E+06,-2.40E+00
2.71E+03,4.73E+03,1.07E+03,nan,nan,2.64E+00,7.00E+00,7.00E+00,7.90E+02,2.77E+06,-2.30E+00
2.78E+03,4.72E+03,1.09E+03,nan,nan,2.64E+00,7.00E+00,6.00E+00,1.17E+03,2.42E+06,-2.40E+00
2.78E+03,4.72E+03,1.09E+03,nan,nan,3.07E+00,9.00E+00,9.00E+00,1.57E+03,5.09E+06,-2.20E+00
2.76E+03,4.72E+03,1.10E+03,nan,nan,2.94E+00,7.00E+00,5.00E+00,9.80E+02,2.70E+06,-2.40E+00
2.78E+03,4.71E+03,1.07E+03,nan,nan,3.41E+00,6.00E+00,6.00E+00,2.04E+03,3.56E+06,-2.30E+00
2.78E+03,4.72E+03,1.08E+03,nan,nan,1.98E+00,1.10E+01,7.00E+00,1.07E+03,1.21E+07,-1.80E+00
2.76E+03,4.71E+03,1.10E+03,nan,nan,3.60E+00,1.20E+01,1.20E+01,2.20E+04,3.34E+07,-1.70E+00
2.76E+03,4.72E+03,1.10E+03,nan,nan,3.28E+00,8.00E+00,8.00E+00,3.29E+03,3.98E+06,-2.30E+00
2.76E+03,4.71E+03,1.08E+03,nan,nan,3.13E+00,6.00E+00,6.00E+00,4.20E+03,4.51E+06,-2.30E+00
2.76E+03,4.72E+03,1.09E+03,nan,nan,4.61E+00,1.20E+01,1.10E+01,5.82E+03,4.38E+07,-1.40E+00
2.75E+03,4.72E+03,1.10E+03,nan,nan,4.09E+00,1.10E+01,1.10E+01,6.26E+03,2.98E+07,-1.60E+00
2.85E+03,4.74E+03,1.13E+03,nan,nan,2.68E+00,8.00E+00,8.00E+00,1.29E+03,3.22E+06,-2.30E+00
2.77E+03,4.72E+03,1.09E+03,nan,nan,1.28E+00,7.00E+00,7.00E+00,3.02E+03,5.90E+06,-2.20E+00
2.89E+03,4.80E+03,1.00E+03,nan,nan,4.25E+00,6.00E+00,5.00E+00,3.28E+04,3.42E+07,-1.70E+00
2.78E+03,4.72E+03,1.10E+03,nan,nan,2.25E+00,7.00E+00,7.00E+00,9.79E+02,3.35E+06,-2.30E+00
2.79E+03,4.73E+03,1.10E+03,nan,nan,2.14E+00,7.00E+00,7.00E+00,1.41E+03,2.71E+06,-2.40E+00
2.78E+03,4.71E+03,1.09E+03,nan,nan,3.92E+00,1.10E+01,1.10E+01,2.79E+03,2.17E+07,-1.60E+00
2.78E+03,4.72E+03,1.09E+03,nan,nan,1.82E+00,6.00E+00,6.00E+00,2.91E+02,1.70E+06,-2.40E+00
2.69E+03,4.73E+03,1.10E+03,nan,nan,3.62E+00,8.00E+00,7.00E+00,4.84E+03,1.14E+07,-2.00E+00
2.70E+03,4.74E+03,1.11E+03,nan,nan,3.63E+00,6.00E+00,5.00E+00,6.84E+03,1.01E+07,-2.00E+00
2.69E+03,4.73E+03,1.09E+03,nan,nan,5.16E+00,9.00E+00,9.00E+00,7.11E+03,3.66E+07,-1.50E+00
2.78E+03,4.72E+03,1.09E+03,nan,nan,3.32E+00,9.00E+00,9.00E+00,3.08E+03,9.00E+06,-2.00E+00
2.73E+03,4.73E+03,1.10E+03,nan,nan,1.96E+00,6.00E+00,6.00E+00,1.31E+03,7.38E+06,-2.00E+00
2.81E+03,4.72E+03,1.11E+03,nan,nan,1.86E+00,7.00E+00,6.00E+00,1.94E+04,1.75E+07,-1.90E+00
2.67E+03,4.70E+03,1.17E+03,nan,nan,6.90E+00,9.00E+00,9.00E+00,3.38E+03,1.83E+07,-1.70E+00
2.81E+03,4.76E+03,1.14E+03,nan,nan,1.30E+00,6.00E+00,6.00E+00,1.52E+04,1.03E+07,-2.10E+00
2.72E+03,4.73E+03,1.07E+03,nan,nan,3.52E+00,9.00E+00,9.00E+00,2.95E+03,8.12E+07,-1.10E+00
2.67E+03,4.69E+03,1.16E+03,nan,nan,6.30E+00,1.10E+01,1.10E+01,1.61E+04,5.71E+08,-5.00E-01
2.71E+03,4.72E+03,1.07E+03,nan,nan,4.12E+00,8.00E+00,8.00E+00,9.70E+02,1.31E+07,-1.70E+00
2.69E+03,4.68E+03,1.13E+03,nan,nan,6.11E+00,1.10E+01,1.00E+01,5.33E+04,4.23E+08,-8.00E-01
2.79E+03,4.72E+03,1.09E+03,nan,nan,3.28E+00,9.00E+00,9.00E+00,1.45E+03,1.48E+07,-1.70E+00
2.76E+03,4.72E+03,1.09E+03,nan,nan,3.59E+00,8.00E+00,8.00E+00,2.44E+03,1.20E+07,-1.90E+00
2.79E+03,4.73E+03,1.10E+03,nan,nan,2.12E+00,7.00E+00,7.00E+00,1.11E+03,3.22E+06,-2.30E+00
2.93E+03,4.70E+03,1.09E+03,nan,nan,3.91E+00,7.00E+00,6.00E+00,1.82E+03,5.84E+06,-2.10E+00
2.79E+03,4.72E+03,1.06E+03,nan,nan,2.07E+00,8.00E+00,8.00E+00,3.49E+02,3.64E+06,-2.10E+00
2.79E+03,4.72E+03,1.09E+03,nan,nan,2.69E+00,6.00E+00,6.00E+00,4.25E+02,1.98E+06,-2.40E+00
2.81E+03,4.75E+03,1.09E+03,nan,nan,2.06E+00,7.00E+00,5.00E+00,1.07E+04,1.30E+07,-2.00E+00
2.72E+03,4.69E+03,1.15E+03,nan,nan,4.47E+00,1.00E+01,9.00E+00,9.10E+03,1.09E+08,-1.10E+00
2.78E+03,4.72E+03,1.08E+03,nan,nan,2.70E+00,7.00E+00,7.00E+00,1.26E+03,4.27E+06,-2.20E+00
2.94E+03,4.75E+03,1.03E+03,nan,nan,4.54E+00,6.00E+00,6.00E+00,1.68E+05,6.56E+07,-1.70E+00
2.78E+03,4.72E+03,1.09E+03,nan,nan,2.44E+00,6.00E+00,5.00E+00,1.54E+03,2.04E+06,-2.50E+00
2.79E+03,4.72E+03,1.09E+03,nan,nan,2.73E+00,6.00E+00,6.00E+00,4.52E+02,9.36E+05,-2.70E+00
2.73E+03,4.68E+03,1.09E+03,nan,nan,2.28E+00,6.00E+00,5.00E+00,2.46E+03,6.72E+06,-2.10E+00
2.71E+03,4.66E+03,1.11E+03,nan,nan,5.12E+00,1.10E+01,1.10E+01,1.71E+04,1.13E+08,-1.20E+00
2.69E+03,4.67E+03,1.11E+03,nan,nan,5.03E+00,1.00E+01,9.00E+00,1.38E+04,6.62E+07,-1.40E+00
2.70E+03,4.70E+03,1.10E+03,nan,nan,4.00E+00,6.00E+00,5.00E+00,1.59E+04,4.37E+07,-1.60E+00
2.66E+03,4.69E+03,1.13E+03,nan,nan,5.79E+00,7.00E+00,7.00E+00,5.33E+03,3.96E+07,-1.50E+00
2.79E+03,4.73E+03,1.10E+03,nan,nan,2.42E+00,9.00E+00,8.00E+00,5.14E+02,3.80E+06,-2.10E+00
2.68E+03,4.69E+03,1.11E+03,nan,nan,6.24E+00,1.20E+01,1.20E+01,3.03E+04,4.62E+08,-7.00E-01
2.78E+03,4.71E+03,1.07E+03,nan,nan,2.90E+00,1.00E+01,9.00E+00,6.15E+03,2.78E+07,-1.60E+00
2.78E+03,4.71E+03,1.08E+03,nan,nan,2.33E+00,1.00E+01,8.00E+00,3.98E+03,7.92E+06,-2.10E+00
2.78E+03,4.72E+03,1.09E+03,nan,nan,2.04E+00,7.00E+00,7.00E+00,9.83E+02,2.86E+06,-2.30E+00
2.79E+03,4.73E+03,1.09E+03,nan,nan,1.88E+00,6.00E+00,6.00E+00,3.76E+02,9.78E+05,-2.70E+00
2.79E+03,4.72E+03,1.10E+03,nan,nan,3.21E+00,7.00E+00,7.00E+00,1.60E+03,5.68E+06,-2.10E+00
2.78E+03,4.73E+03,1.10E+03,nan,nan,3.26E+00,9.00E+00,8.00E+00,1.19E+03,3.95E+06,-2.20E+00
2.73E+03,4.70E+03,1.12E+03,nan,nan,4.80E+00,1.10E+01,1.00E+01,1.09E+04,6.25E+07,-1.40E+00
2.75E+03,4.70E+03,1.04E+03,nan,nan,4.18E+00,1.10E+01,7.00E+00,2.16E+03,3.77E+08,-4.00E-01
2.79E+03,4.72E+03,1.09E+03,nan,nan,2.91E+00,1.00E+01,1.00E+01,2.17E+03,1.45E+07,-1.80E+00
2.79E+03,4.73E+03,1.10E+03,nan,nan,2.66E+00,1.00E+01,1.00E+01,2.61E+03,1.46E+07,-1.80E+00
2.80E+03,4.72E+03,1.10E+03,nan,nan,2.71E+00,7.00E+00,7.00E+00,7.70E+02,1.42E+06,-2.60E+00
2.80E+03,4.72E+03,1.09E+03,nan,nan,3.26E+00,1.00E+01,1.00E+01,2.64E+03,2.18E+07,-1.60E+00
2.78E+03,4.73E+03,1.08E+03,nan,nan,1.79E+00,6.00E+00,6.00E+00,2.89E+03,2.60E+06,-2.50E+00
2.78E+03,4.73E+03,1.09E+03,nan,nan,1.31E+00,7.00E+00,7.00E+00,7.85E+02,2.54E+06,-2.40E+00
2.79E+03,4.72E+03,1.08E+03,nan,nan,1.42E+00,6.00E+00,6.00E+00,1.82E+03,3.36E+06,-2.30E+00
2.81E+03,4.75E+03,1.15E+03,nan,nan,1.97E+00,6.00E+00,6.00E+00,3.00E+02,1.96E+06,-2.30E+00
2.78E+03,4.73E+03,1.08E+03,nan,nan,1.29E+00,6.00E+00,6.00E+00,1.40E+03,5.00E+06,-2.10E+00
2.80E+03,4.74E+03,1.09E+03,nan,nan,2.02E+00,6.00E+00,6.00E+00,4.59E+03,3.24E+06,-2.50E+00
2.79E+03,4.65E+03,1.10E+03,nan,nan,2.82E+00,6.00E+00,6.00E+00,8.43E+03,1.89E+07,-1.80E+00
2.79E+03,4.73E+03,1.10E+03,nan,nan,2.27E+00,9.00E+00,9.00E+00,7.04E+03,8.58E+07,-1.20E+00
2.77E+03,4.72E+03,1.06E+03,nan,nan,2.59E+00,8.00E+00,8.00E+00,4.82E+03,1.68E+07,-1.80E+00
2.80E+03,4.73E+03,1.09E+03,nan,nan,1.97E+00,8.00E+00,8.00E+00,9.78E+02,5.24E+06,-2.10E+00
2.79E+03,4.74E+03,1.09E+03,nan,nan,1.44E+00,7.00E+00,7.00E+00,3.65E+03,8.59E+06,-2.00E+00
2.77E+03,4.75E+03,1.09E+03,nan,nan,1.81E+00,6.00E+00,6.00E+00,2.24E+03,1.97E+06,-2.60E+00
2.81E+03,4.72E+03,1.10E+03,nan,nan,2.08E+00,6.00E+00,6.00E+00,5.94E+02,4.15E+06,-2.10E+00
2.78E+03,4.71E+03,1.06E+03,nan,nan,2.73E+00,8.00E+00,8.00E+00,3.21E+03,2.19E+07,-1.60E+00
2.83E+03,4.64E+03,9.58E+02,nan,nan,4.24E+00,8.00E+00,8.00E+00,6.31E+03,2.51E+07,-1.70E+00
2.84E+03,4.61E+03,9.99E+02,nan,nan,3.20E+00,6.00E+00,6.00E+00,1.15E+03,6.24E+06,-2.00E+00
2.74E+03,4.76E+03,1.07E+03,nan,nan,1.06E+00,6.00E+00,5.00E+00,6.27E+02,2.69E+06,-2.30E+00
2.86E+03,4.75E+03,1.15E+03,nan,nan,2.61E+00,8.00E+00,8.00E+00,1.94E+04,1.47E+07,-2.00E+00
2.88E+03,4.72E+03,1.17E+03,nan,nan,1.74E+00,7.00E+00,5.00E+00,5.81E+04,3.69E+07,-1.80E+00
2.80E+03,4.72E+03,1.10E+03,nan,nan,3.49E+00,1.10E+01,1.10E+01,9.70E+03,4.46E+08,-6.00E-01
2.71E+03,4.72E+03,1.13E+03,nan,nan,3.82E+00,6.00E+00,5.00E+00,1.52E+04,1.08E+07,-2.10E+00
2.80E+03,4.73E+03,1.12E+03,nan,nan,3.58E+00,8.00E+00,8.00E+00,1.04E+04,1.63E+07,-1.90E+00
2.80E+03,4.72E+03,1.09E+03,nan,nan,2.58E+00,9.00E+00,9.00E+00,9.75E+03,3.96E+07,-1.50E+00
2.80E+03,4.72E+03,1.08E+03,nan,nan,2.49E+00,9.00E+00,8.00E+00,1.30E+03,6.41E+06,-2.00E+00
2.70E+03,4.74E+03,1.08E+03,nan,nan,6.16E+00,1.20E+01,1.10E+01,2.21E+03,1.41E+08,-8.00E-01
2.81E+03,4.71E+03,1.07E+03,nan,nan,3.74E+00,1.00E+01,1.00E+01,4.07E+03,4.00E+07,-1.40E+00
2.81E+03,4.72E+03,1.10E+03,nan,nan,3.38E+00,9.00E+00,9.00E+00,1.13E+03,7.10E+06,-2.00E+00
2.64E+03,4.70E+03,1.12E+03,nan,nan,5.95E+00,7.00E+00,7.00E+00,4.14E+03,1.57E+07,-1.80E+00
2.77E+03,4.71E+03,1.08E+03,nan,nan,3.17E+00,7.00E+00,7.00E+00,6.47E+03,9.70E+06,-2.10E+00
2.80E+03,4.73E+03,1.12E+03,nan,nan,2.45E+00,7.00E+00,7.00E+00,1.20E+03,3.67E+06,-2.30E+00
2.87E+03,4.68E+03,1.05E+03,nan,nan,3.53E+00,6.00E+00,5.00E+00,8.69E+03,1.43E+07,-1.90E+00
2.70E+03,4.71E+03,1.04E+03,nan,nan,5.72E+00,1.00E+01,1.00E+01,3.99E+02,3.93E+07,-1.20E+00
2.81E+03,4.73E+03,1.12E+03,nan,nan,9.20E-01,6.00E+00,6.00E+00,1.19E+03,2.22E+06,-2.50E+00
2.69E+03,4.69E+03,1.11E+03,nan,nan,7.58E+00,1.10E+01,1.00E+01,1.64E+04,1.68E+08,-1.00E+00
2.82E+03,4.81E+03,1.08E+03,nan,nan,2.15E+00,7.00E+00,6.00E+00,4.37E+03,1.60E+07,-1.80E+00
2.78E+03,4.72E+03,1.06E+03,nan,nan,2.34E+00,6.00E+00,6.00E+00,6.42E+02,6.50E+06,-1.90E+00
2.82E+03,4.74E+03,1.12E+03,nan,nan,1.65E+00,8.00E+00,7.00E+00,1.14E+04,1.32E+07,-2.00E+00
2.76E+03,4.70E+03,1.01E+03,nan,nan,2.52E+00,6.00E+00,6.00E+00,6.90E+02,2.93E+06,-2.30E+00
2.69E+03,4.69E+03,1.04E+03,nan,nan,6.47E+00,1.10E+01,1.10E+01,3.92E+03,6.91E+07,-1.20E+00
2.81E+03,4.74E+03,1.13E+03,nan,nan,1.74E+00,7.00E+00,7.00E+00,2.27E+03,4.92E+06,-2.20E+00
2.70E+03,4.67E+03,1.03E+03,nan,nan,6.55E+00,1.10E+01,1.10E+01,2.52E+03,2.88E+07,-1.50E+00
2.99E+03,4.60E+03,1.06E+03,nan,nan,3.96E+00,1.00E+01,9.00E+00,2.07E+03,1.70E+07,-1.70E+00
2.81E+03,4.75E+03,1.12E+03,nan,nan,6.10E-01,7.00E+00,7.00E+00,1.44E+03,3.52E+06,-2.30E+00
2.80E+03,4.74E+03,1.12E+03,nan,nan,2.31E+00,8.00E+00,8.00E+00,1.45E+03,4.55E+06,-2.20E+00
2.84E+03,4.82E+03,1.24E+03,nan,nan,4.01E+00,8.00E+00,6.00E+00,1.18E+04,1.51E+07,-2.00E+00
2.72E+03,4.74E+03,1.05E+03,nan,nan,2.73E+00,8.00E+00,8.00E+00,5.35E+02,4.87E+06,-2.00E+00
2.97E+03,4.57E+03,1.01E+03,nan,nan,6.16E+00,6.00E+00,6.00E+00,6.49E+03,1.58E+07,-1.90E+00
2.83E+03,4.76E+03,1.04E+03,nan,nan,3.11E+00,1.10E+01,1.00E+01,3.08E+03,3.88E+07,-1.40E+00
2.74E+03,4.71E+03,1.05E+03,nan,nan,1.15E+00,7.00E+00,5.00E+00,1.08E+05,2.51E+07,-2.00E+00
2.76E+03,4.70E+03,1.01E+03,nan,nan,2.36E+00,6.00E+00,6.00E+00,8.64E+02,2.56E+06,-2.40E+00
2.72E+03,4.67E+03,9.96E+02,nan,nan,3.19E+00,8.00E+00,6.00E+00,1.19E+03,5.69E+06,-2.10E+00
2.74E+03,4.73E+03,1.06E+03,nan,nan,3.47E+00,9.00E+00,8.00E+00,1.47E+03,9.36E+06,-1.90E+00
2.72E+03,4.69E+03,1.08E+03,nan,nan,5.78E+00,1.20E+01,1.10E+01,4.81E+03,6.04E+07,-1.30E+00
2.79E+03,4.73E+03,1.05E+03,nan,nan,2.74E+00,8.00E+00,8.00E+00,2.46E+02,2.20E+06,-2.30E+00
2.74E+03,4.68E+03,1.06E+03,nan,nan,5.82E+00,1.10E+01,1.10E+01,3.99E+03,1.55E+07,-1.80E+00
2.70E+03,4.71E+03,1.04E+03,nan,nan,2.88E+00,9.00E+00,9.00E+00,3.84E+03,2.06E+07,-1.70E+00
2.73E+03,4.75E+03,1.05E+03,nan,nan,2.75E+00,7.00E+00,6.00E+00,2.21E+03,3.07E+06,-2.40E+00
2.69E+03,4.71E+03,1.04E+03,nan,nan,4.64E+00,9.00E+00,9.00E+00,4.73E+03,1.46E+07,-1.90E+00
2.81E+03,4.74E+03,1.04E+03,nan,nan,1.85E+00,7.00E+00,5.00E+00,3.58E+03,4.75E+06,-2.30E+00
2.76E+03,4.71E+03,1.06E+03,nan,nan,1.00E+00,6.00E+00,6.00E+00,4.04E+02,2.35E+06,-2.30E+00
2.70E+03,4.73E+03,1.05E+03,nan,nan,3.74E+00,9.00E+00,7.00E+00,3.22E+03,4.22E+07,-1.40E+00
2.72E+03,4.69E+03,1.06E+03,nan,nan,6.83E+00,1.40E+01,1.40E+01,7.47E+04,1.38E+09,-3.00E-01
2.74E+03,4.71E+03,1.06E+03,nan,nan,3.48E+00,8.00E+00,8.00E+00,1.35E+04,1.95E+07,-1.90E+00
2.73E+03,4.72E+03,1.04E+03,nan,nan,3.02E+00,6.00E+00,6.00E+00,5.93E+03,7.17E+06,-2.20E+00
2.80E+03,4.74E+03,1.12E+03,nan,nan,1.21E+00,7.00E+00,7.00E+00,6.86E+03,8.05E+06,-2.10E+00
2.76E+03,4.78E+03,1.03E+03,nan,nan,7.10E-01,7.00E+00,7.00E+00,2.21E+00,1.06E+06,-2.00E+00
2.72E+03,4.70E+03,1.05E+03,nan,nan,4.20E+00,1.00E+01,1.00E+01,2.87E+03,5.12E+07,-1.30E+00
2.81E+03,4.75E+03,1.13E+03,nan,nan,2.38E+00,7.00E+00,7.00E+00,3.70E+02,2.41E+06,-2.30E+00
2.72E+03,4.71E+03,1.05E+03,nan,nan,2.68E+00,9.00E+00,9.00E+00,1.27E+04,5.79E+07,-1.40E+00
2.73E+03,4.72E+03,1.05E+03,nan,nan,2.30E+00,6.00E+00,6.00E+00,1.03E+04,9.66E+06,-2.10E+00
2.72E+03,4.70E+03,1.06E+03,nan,nan,4.11E+00,7.00E+00,6.00E+00,2.25E+04,1.57E+07,-2.00E+00
2.80E+03,4.73E+03,1.14E+03,nan,nan,1.51E+00,9.00E+00,9.00E+00,4.51E+02,1.88E+07,-1.50E+00
2.72E+03,4.71E+03,1.01E+03,nan,nan,3.02E+00,6.00E+00,6.00E+00,2.72E+03,6.78E+06,-2.10E+00
2.72E+03,4.70E+03,1.06E+03,nan,nan,6.13E+00,1.30E+01,1.20E+01,1.37E+04,3.54E+08,-7.00E-01
2.70E+03,4.70E+03,1.05E+03,nan,nan,6.04E+00,1.30E+01,1.30E+01,1.14E+03,1.31E+08,-8.00E-01
2.81E+03,4.74E+03,1.11E+03,nan,nan,2.05E+00,7.00E+00,7.00E+00,1.59E+03,5.31E+06,-2.10E+00
2.74E+03,4.79E+03,1.05E+03,nan,nan,2.84E+00,1.00E+01,9.00E+00,2.06E+01,7.63E+06,-1.50E+00
2.71E+03,4.71E+03,1.04E+03,nan,nan,1.45E+00,9.00E+00,6.00E+00,7.72E+02,2.39E+07,-1.40E+00
2.97E+03,4.61E+03,9.54E+02,nan,nan,6.67E+00,1.10E+01,1.10E+01,2.79E+02,2.19E+07,-1.40E+00
2.72E+03,4.73E+03,1.05E+03,nan,nan,2.66E+00,7.00E+00,6.00E+00,9.24E+01,4.40E+06,-1.90E+00
2.76E+03,4.71E+03,1.02E+03,nan,nan,3.56E+00,8.00E+00,8.00E+00,2.88E+02,1.04E+07,-1.70E+00
2.70E+03,4.72E+03,1.05E+03,nan,nan,2.34E+00,7.00E+00,6.00E+00,7.82E+03,2.56E+07,-1.70E+00
2.68E+03,4.69E+03,1.04E+03,nan,nan,5.71E+00,1.00E+01,1.00E+01,5.86E+03,1.57E+08,-9.00E-01
2.73E+03,4.75E+03,1.07E+03,nan,nan,1.65E+00,5.00E+00,4.00E+00,2.79E+03,3.66E+06,-2.40E+00
2.78E+03,4.72E+03,1.06E+03,nan,nan,3.02E+00,9.00E+00,8.00E+00,3.55E+02,1.36E+07,-1.60E+00
2.70E+03,4.72E+03,1.05E+03,nan,nan,2.53E+00,7.00E+00,7.00E+00,1.04E+04,1.35E+07,-2.00E+00
2.79E+03,4.78E+03,1.02E+03,nan,nan,3.23E+00,9.00E+00,9.00E+00,1.56E+02,1.94E+07,-1.30E+00
2.70E+03,4.74E+03,1.03E+03,nan,nan,3.43E+00,8.00E+00,8.00E+00,1.04E+04,5.09E+07,-1.40E+00
2.72E+03,4.69E+03,1.05E+03,nan,nan,7.59E+00,7.00E+00,7.00E+00,8.15E+04,1.44E+08,-1.30E+00
2.75E+03,4.79E+03,1.04E+03,nan,nan,2.34E+00,7.00E+00,7.00E+00,7.68E+01,2.47E+06,-2.10E+00
2.80E+03,4.74E+03,1.13E+03,nan,nan,2.92E+00,8.00E+00,8.00E+00,1.03E+03,1.11E+07,-1.80E+00
2.73E+03,4.72E+03,1.04E+03,nan,nan,1.53E+00,7.00E+00,5.00E+00,9.10E+03,6.98E+06,-2.20E+00
2.73E+03,4.76E+03,1.05E+03,nan,nan,3.47E+00,9.00E+00,9.00E+00,4.13E+01,1.27E+07,-1.40E+00
2.71E+03,4.75E+03,1.07E+03,nan,nan,2.53E+00,6.00E+00,6.00E+00,1.58E+02,2.27E+06,-2.20E+00
2.75E+03,4.70E+03,1.20E+03,nan,nan,6.18E+00,1.10E+01,9.00E+00,7.18E+04,1.74E+08,-1.20E+00
2.85E+03,4.78E+03,1.16E+03,nan,nan,2.81E+00,6.00E+00,5.00E+00,3.71E+03,2.19E+07,-1.70E+00
2.81E+03,4.74E+03,1.12E+03,nan,nan,2.70E+00,8.00E+00,8.00E+00,6.54E+02,9.52E+06,-1.80E+00
2.78E+03,4.70E+03,1.06E+03,nan,nan,4.44E+00,1.00E+01,1.00E+01,5.27E+01,2.60E+08,-2.00E-01
2.75E+03,4.69E+03,1.04E+03,nan,nan,4.11E+00,9.00E+00,9.00E+00,5.96E+04,2.15E+07,-2.00E+00
2.78E+03,4.72E+03,1.05E+03,nan,nan,2.33E+00,8.00E+00,7.00E+00,9.70E+02,7.18E+06,-2.00E+00
2.76E+03,4.72E+03,1.05E+03,nan,nan,2.70E+00,7.00E+00,6.00E+00,4.08E+02,1.11E+07,-1.70E+00
2.80E+03,4.74E+03,1.15E+03,nan,nan,4.56E+00,1.20E+01,1.10E+01,5.44E+03,6.00E+07,-1.30E+00
2.80E+03,4.78E+03,1.06E+03,nan,nan,2.01E+00,7.00E+00,7.00E+00,3.82E+02,2.25E+06,-2.30E+00
2.77E+03,4.69E+03,1.05E+03,nan,nan,6.05E+00,7.00E+00,7.00E+00,6.58E+04,9.77E+08,-5.00E-01
2.78E+03,4.69E+03,1.05E+03,nan,nan,5.33E+00,1.10E+01,9.00E+00,1.24E+03,8.97E+07,-1.00E+00
2.80E+03,4.74E+03,1.12E+03,nan,nan,2.26E+00,6.00E+00,6.00E+00,2.78E+03,8.59E+06,-2.00E+00
2.79E+03,4.74E+03,1.06E+03,nan,nan,2.14E+00,6.00E+00,5.00E+00,1.94E+02,9.00E+05,-2.60E+00
2.73E+03,4.76E+03,1.07E+03,nan,nan,1.32E+00,6.00E+00,6.00E+00,1.66E+03,3.09E+06,-2.40E+00
2.75E+03,4.69E+03,9.78E+02,nan,nan,3.89E+00,8.00E+00,8.00E+00,9.63E+02,8.88E+06,-1.90E+00
2.78E+03,4.71E+03,1.06E+03,nan,nan,3.53E+00,8.00E+00,8.00E+00,6.02E+02,1.06E+07,-1.70E+00
2.80E+03,4.76E+03,1.15E+03,nan,nan,1.13E+00,8.00E+00,8.00E+00,6.20E+02,7.66E+06,-1.90E+00
2.75E+03,4.79E+03,1.04E+03,nan,nan,1.15E+00,6.00E+00,6.00E+00,7.30E+01,5.83E+05,-2.70E+00
2.74E+03,4.71E+03,1.01E+03,nan,nan,3.65E+00,6.00E+00,6.00E+00,9.03E+02,2.78E+06,-2.30E+00
2.81E+03,4.75E+03,1.13E+03,nan,nan,2.11E+00,6.00E+00,6.00E+00,4.84E+02,1.84E+06,-2.40E+00
2.71E+03,4.66E+03,1.07E+03,nan,nan,7.27E+00,1.30E+01,1.30E+01,2.77E+05,7.95E+09,2.00E-01
2.71E+03,4.70E+03,1.06E+03,nan,nan,5.77E+00,8.00E+00,8.00E+00,2.61E+03,1.32E+07,-1.80E+00
2.69E+03,4.71E+03,1.06E+03,nan,nan,7.17E+00,1.30E+01,1.30E+01,1.91E+05,5.81E+09,1.00E-01
2.81E+03,4.74E+03,1.12E+03,nan,nan,1.93E+00,9.00E+00,9.00E+00,1.66E+03,1.89E+07,-1.60E+00
2.66E+03,4.74E+03,1.09E+03,nan,nan,1.96E+00,7.00E+00,4.00E+00,2.56E+03,2.27E+07,-1.60E+00
2.78E+03,4.70E+03,1.05E+03,nan,nan,2.59E+00,8.00E+00,7.00E+00,3.98E+03,1.18E+07,-1.90E+00
2.76E+03,4.71E+03,1.04E+03,nan,nan,3.40E+00,1.00E+01,1.00E+01,3.65E+03,2.65E+07,-1.60E+00
2.79E+03,4.80E+03,1.25E+03,nan,nan,5.89E+00,1.30E+01,1.30E+01,2.60E+04,1.34E+09,-2.00E-01
2.79E+03,4.78E+03,1.02E+03,nan,nan,1.02E+00,7.00E+00,7.00E+00,4.95E+02,3.17E+06,-2.20E+00
3.01E+03,4.51E+03,1.00E+03,nan,nan,8.03E+00,7.00E+00,7.00E+00,9.90E+02,1.05E+07,-1.80E+00
2.70E+03,4.76E+03,1.08E+03,nan,nan,4.06E+00,9.00E+00,9.00E+00,8.57E+02,8.07E+07,-1.00E+00
2.66E+03,4.72E+03,1.10E+03,nan,nan,8.08E+00,1.30E+01,1.30E+01,2.32E+04,7.19E+08,-5.00E-01
2.79E+03,4.78E+03,1.02E+03,nan,nan,3.28E+00,1.00E+01,1.00E+01,3.75E+01,7.50E+07,-6.00E-01
2.79E+03,4.68E+03,1.06E+03,nan,nan,3.69E+00,6.00E+00,6.00E+00,6.57E+03,5.47E+06,-2.30E+00
2.80E+03,4.75E+03,1.15E+03,nan,nan,1.46E+00,6.00E+00,6.00E+00,4.20E+02,1.94E+06,-2.40E+00
2.81E+03,4.76E+03,1.12E+03,nan,nan,1.83E+00,7.00E+00,7.00E+00,1.35E+03,2.92E+06,-2.40E+00
2.69E+03,4.74E+03,1.11E+03,nan,nan,2.16E+00,7.00E+00,7.00E+00,4.45E+02,1.33E+07,-1.60E+00
2.76E+03,4.79E+03,1.05E+03,nan,nan,1.81E+00,6.00E+00,6.00E+00,1.33E+01,1.15E+06,-2.20E+00
2.68E+03,4.78E+03,1.10E+03,nan,nan,2.72E+00,7.00E+00,5.00E+00,6.07E+01,6.76E+06,-1.70E+00
2.70E+03,4.80E+03,1.17E+03,nan,nan,3.57E+00,8.00E+00,8.00E+00,3.85E+03,1.34E+07,-1.90E+00
2.75E+03,4.79E+03,1.04E+03,nan,nan,1.54E+00,7.00E+00,7.00E+00,4.76E+02,1.89E+06,-2.40E+00
2.67E+03,4.60E+03,8.83E+02,nan,nan,9.07E+00,8.00E+00,8.00E+00,4.17E+03,3.42E+07,-1.50E+00
2.68E+03,4.75E+03,1.09E+03,nan,nan,4.01E+00,9.00E+00,9.00E+00,2.15E+04,5.10E+07,-1.50E+00
2.68E+03,4.75E+03,1.09E+03,nan,nan,4.74E+00,9.00E+00,9.00E+00,1.19E+03,4.43E+07,-1.20E+00
2.78E+03,4.69E+03,1.04E+03,nan,nan,5.14E+00,1.10E+01,1.10E+01,1.51E+04,4.17E+07,-1.60E+00
2.63E+03,4.74E+03,1.09E+03,nan,nan,6.53E+00,9.00E+00,9.00E+00,5.48E+04,7.03E+08,-6.00E-01
2.81E+03,4.76E+03,1.12E+03,nan,nan,2.06E+00,7.00E+00,7.00E+00,1.63E+03,4.06E+06,-2.20E+00
2.55E+03,4.65E+03,9.83E+02,nan,nan,9.54E+00,8.00E+00,8.00E+00,7.65E+03,9.78E+08,-2.00E-01
2.79E+03,4.70E+03,1.01E+03,nan,nan,1.89E+00,8.00E+00,8.00E+00,1.54E+04,2.14E+07,-1.80E+00
2.81E+03,4.74E+03,1.12E+03,nan,nan,2.09E+00,9.00E+00,9.00E+00,3.68E+03,1.48E+07,-1.80E+00
2.80E+03,4.69E+03,1.04E+03,nan,nan,4.50E+00,1.00E+01,1.00E+01,1.66E+04,3.39E+08,-7.00E-01
2.97E+03,4.60E+03,9.51E+02,nan,nan,4.22E+00,8.00E+00,8.00E+00,2.98E+04,4.17E+07,-1.60E+00
2.80E+03,4.78E+03,1.19E+03,nan,nan,1.78E+00,7.00E+00,7.00E+00,7.28E+00,2.28E+06,-1.80E+00
2.72E+03,4.77E+03,1.10E+03,nan,nan,1.97E+00,6.00E+00,6.00E+00,1.74E+02,1.95E+06,-2.30E+00
2.80E+03,4.70E+03,1.05E+03,nan,nan,3.23E+00,8.00E+00,8.00E+00,6.00E+01,9.52E+06,-1.50E+00
2.74E+03,4.77E+03,1.08E+03,nan,nan,1.50E+00,6.00E+00,5.00E+00,4.57E+00,2.49E+06,-1.80E+00
2.71E+03,4.76E+03,1.05E+03,nan,nan,4.51E+00,1.00E+01,1.00E+01,3.37E+03,5.40E+08,-3.00E-01
2.81E+03,4.74E+03,1.11E+03,nan,nan,1.25E+00,8.00E+00,7.00E+00,8.90E+03,1.80E+07,-1.80E+00
2.74E+03,4.72E+03,1.00E+03,nan,nan,3.07E+00,7.00E+00,7.00E+00,1.03E+03,9.61E+06,-1.80E+00
2.80E+03,4.78E+03,1.19E+03,nan,nan,2.58E+00,7.00E+00,7.00E+00,5.47E+02,2.73E+06,-2.30E+00
2.97E+03,4.53E+03,9.45E+02,nan,nan,6.46E+00,1.00E+01,1.00E+01,4.41E+02,3.39E+07,-1.20E+00
2.79E+03,4.72E+03,1.04E+03,nan,nan,4.19E+00,8.00E+00,8.00E+00,3.65E+03,2.72E+07,-1.60E+00
2.79E+03,4.73E+03,1.04E+03,nan,nan,1.96E+00,8.00E+00,8.00E+00,1.71E+02,6.79E+06,-1.80E+00
2.82E+03,4.67E+03,1.06E+03,nan,nan,4.45E+00,9.00E+00,9.00E+00,1.10E+04,3.52E+07,-1.60E+00
2.66E+03,4.76E+03,1.09E+03,nan,nan,3.12E+00,8.00E+00,8.00E+00,4.97E+03,5.51E+07,-1.30E+00
2.70E+03,4.69E+03,9.82E+02,nan,nan,5.35E+00,8.00E+00,8.00E+00,9.15E+03,1.18E+08,-1.10E+00
2.82E+03,4.77E+03,1.41E+03,nan,nan,6.04E+00,7.00E+00,5.00E+00,5.04E+05,9.06E+08,-7.00E-01
2.71E+03,4.81E+03,1.14E+03,nan,nan,3.03E+00,6.00E+00,6.00E+00,3.80E+01,2.81E+06,-2.00E+00
2.94E+03,4.56E+03,9.61E+02,nan,nan,2.28E+00,7.00E+00,6.00E+00,1.13E+02,1.09E+07,-1.50E+00
2.97E+03,4.64E+03,9.25E+02,nan,nan,3.55E+00,7.00E+00,7.00E+00,3.58E+04,8.59E+07,-1.40E+00
2.78E+03,4.79E+03,1.00E+03,nan,nan,3.94E+00,8.00E+00,8.00E+00,5.76E+01,8.76E+07,-6.00E-01
2.67E+03,4.70E+03,1.08E+03,nan,nan,5.29E+00,9.00E+00,8.00E+00,4.64E+04,3.24E+08,-9.00E-01
2.79E+03,4.78E+03,1.19E+03,nan,nan,2.29E+00,7.00E+00,7.00E+00,4.62E+01,2.83E+06,-2.00E+00
2.80E+03,4.77E+03,1.18E+03,nan,nan,2.35E+00,6.00E+00,6.00E+00,1.97E+02,1.03E+06,-2.60E+00
2.80E+03,4.77E+03,1.19E+03,nan,nan,3.32E+00,8.00E+00,8.00E+00,3.34E+03,5.73E+07,-1.30E+00
2.75E+03,4.71E+03,9.70E+02,nan,nan,4.50E+00,7.00E+00,7.00E+00,1.57E+03,1.65E+07,-1.70E+00
2.80E+03,4.78E+03,1.17E+03,nan,nan,2.49E+00,7.00E+00,7.00E+00,2.79E+02,2.91E+06,-2.20E+00
2.80E+03,4.79E+03,1.20E+03,nan,nan,2.63E+00,7.00E+00,7.00E+00,1.16E+03,5.91E+06,-2.10E+00
2.75E+03,4.79E+03,1.18E+03,nan,nan,2.47E+00,7.00E+00,7.00E+00,3.05E+03,1.76E+07,-1.70E+00
2.79E+03,4.78E+03,1.00E+03,nan,nan,2.10E+00,6.00E+00,4.00E+00,3.35E+02,3.48E+06,-2.10E+00
2.66E+03,4.72E+03,1.11E+03,nan,nan,5.73E+00,1.00E+01,1.00E+01,7.31E+04,3.56E+08,-9.00E-01
2.72E+03,4.72E+03,9.98E+02,nan,nan,3.78E+00,8.00E+00,7.00E+00,1.01E+04,7.90E+07,-1.30E+00
2.72E+03,4.72E+03,9.97E+02,nan,nan,2.63E+00,6.00E+00,5.00E+00,5.43E+02,7.11E+06,-1.90E+00
2.70E+03,4.67E+03,9.97E+02,nan,nan,3.87E+00,7.00E+00,7.00E+00,9.46E+03,3.20E+07,-1.60E+00
2.77E+03,4.76E+03,9.15E+02,nan,nan,4.78E+00,7.00E+00,6.00E+00,6.90E+03,1.05E+07,-2.00E+00
2.79E+03,4.64E+03,1.11E+03,nan,nan,3.81E+00,8.00E+00,8.00E+00,1.13E+03,1.54E+07,-1.70E+00
2.73E+03,4.65E+03,9.96E+02,nan,nan,5.51E+00,1.00E+01,6.00E+00,5.93E+03,2.56E+07,-1.70E+00
2.73E+03,4.70E+03,9.69E+02,nan,nan,3.88E+00,1.10E+01,6.00E+00,7.09E+03,2.08E+07,-1.80E+00
2.80E+03,4.79E+03,1.19E+03,nan,nan,3.07E+00,6.00E+00,4.00E+00,2.66E+03,6.77E+06,-2.10E+00
2.71E+03,4.65E+03,9.91E+02,nan,nan,5.01E+00,6.00E+00,6.00E+00,1.12E+02,9.16E+06,-1.60E+00
2.73E+03,4.69E+03,9.78E+02,nan,nan,4.26E+00,8.00E+00,8.00E+00,1.01E+03,1.71E+07,-1.60E+00
2.72E+03,4.66E+03,1.01E+03,nan,nan,6.53E+00,1.30E+01,1.20E+01,2.20E+04,1.59E+08,-1.10E+00
2.73E+03,4.67E+03,1.01E+03,nan,nan,6.24E+00,1.30E+01,1.10E+01,2.16E+03,3.30E+08,-5.00E-01
2.73E+03,4.63E+03,9.98E+02,nan,nan,5.78E+00,1.40E+01,1.30E+01,6.78E+04,5.99E+08,-7.00E-01
2.76E+03,4.68E+03,9.77E+02,nan,nan,2.84E+00,6.00E+00,4.00E+00,7.12E+01,6.10E+06,-1.70E+00
2.66E+03,4.63E+03,1.07E+03,nan,nan,6.21E+00,8.00E+00,8.00E+00,2.89E+05,9.79E+07,-1.60E+00
2.71E+03,4.65E+03,9.90E+02,nan,nan,4.60E+00,9.00E+00,9.00E+00,1.01E+04,4.72E+07,-1.50E+00
2.68E+03,4.74E+03,1.00E+03,nan,nan,3.57E+00,6.00E+00,5.00E+00,1.63E+04,1.52E+07,-2.00E+00
2.73E+03,4.69E+03,9.79E+02,nan,nan,4.09E+00,8.00E+00,7.00E+00,2.09E+04,3.91E+07,-1.60E+00
2.66E+03,4.73E+03,1.14E+03,nan,nan,2.74E+00,6.00E+00,6.00E+00,2.07E+05,3.30E+07,-2.00E+00
2.67E+03,4.76E+03,1.16E+03,nan,nan,4.21E+00,9.00E+00,8.00E+00,3.38E+03,1.46E+07,-1.80E+00
2.76E+03,4.70E+03,9.78E+02,nan,nan,3.16E+00,8.00E+00,8.00E+00,1.17E+03,8.70E+06,-1.90E+00
2.80E+03,4.78E+03,1.21E+03,nan,nan,3.65E+00,9.00E+00,8.00E+00,1.77E+03,2.40E+07,-1.50E+00
2.70E+03,4.65E+03,9.90E+02,nan,nan,6.22E+00,1.00E+01,8.00E+00,1.54E+03,2.11E+07,-1.60E+00
2.76E+03,4.64E+03,1.00E+03,nan,nan,5.32E+00,1.10E+01,8.00E+00,5.18E+03,2.28E+07,-1.70E+00
2.81E+03,4.78E+03,1.26E+03,nan,nan,7.78E+00,1.30E+01,1.30E+01,8.63E+04,2.63E+08,-1.00E+00
2.77E+03,4.70E+03,1.08E+03,nan,nan,5.69E+00,1.40E+01,1.40E+01,3.98E+04,5.68E+08,-6.00E-01
2.79E+03,4.64E+03,1.04E+03,nan,nan,6.01E+00,1.30E+01,1.20E+01,8.52E+04,4.15E+07,-1.80E+00
2.75E+03,4.68E+03,9.62E+02,nan,nan,4.72E+00,9.00E+00,9.00E+00,3.48E+03,3.46E+07,-1.50E+00
2.73E+03,4.69E+03,1.01E+03,nan,nan,3.36E+00,8.00E+00,6.00E+00,2.09E+04,2.62E+07,-1.80E+00
2.78E+03,4.75E+03,1.00E+03,nan,nan,2.55E+00,8.00E+00,7.00E+00,3.73E+02,2.79E+06,-2.20E+00
2.71E+03,4.74E+03,1.02E+03,nan,nan,2.07E+00,6.00E+00,6.00E+00,2.83E+01,2.84E+06,-1.90E+00
2.78E+03,4.74E+03,9.97E+02,nan,nan,2.81E+00,9.00E+00,8.00E+00,3.03E+02,7.39E+06,-1.80E+00
2.77E+03,4.64E+03,1.01E+03,nan,nan,4.07E+00,7.00E+00,7.00E+00,1.86E+04,3.02E+07,-1.70E+00
2.72E+03,4.70E+03,9.88E+02,nan,nan,4.53E+00,1.00E+01,9.00E+00,3.84E+02,2.23E+07,-1.40E+00
2.79E+03,4.78E+03,1.01E+03,nan,nan,2.78E+00,1.10E+01,1.00E+01,1.12E+03,1.42E+07,-1.70E+00
2.74E+03,4.76E+03,9.79E+02,nan,nan,3.67E+00,6.00E+00,6.00E+00,1.28E+03,4.75E+06,-2.20E+00
2.74E+03,4.72E+03,9.97E+02,nan,nan,3.79E+00,8.00E+00,8.00E+00,3.74E+02,9.37E+06,-1.70E+00
2.79E+03,4.74E+03,9.84E+02,nan,nan,3.09E+00,8.00E+00,8.00E+00,1.97E+02,3.62E+06,-2.00E+00
2.69E+03,4.75E+03,1.07E+03,nan,nan,4.33E+00,1.00E+01,1.00E+01,1.09E+03,7.90E+07,-1.00E+00
2.69E+03,4.74E+03,1.10E+03,nan,nan,3.03E+00,8.00E+00,6.00E+00,7.04E+03,2.79E+07,-1.60E+00
2.68E+03,4.60E+03,1.09E+03,nan,nan,6.11E+00,1.00E+01,1.00E+01,2.58E+05,6.14E+08,-8.00E-01
2.80E+03,4.65E+03,1.08E+03,nan,nan,4.16E+00,9.00E+00,9.00E+00,7.95E+01,4.72E+07,-9.00E-01
2.73E+03,4.64E+03,1.10E+03,nan,nan,5.08E+00,1.50E+01,1.30E+01,7.73E+04,4.03E+08,-8.00E-01
2.76E+03,4.78E+03,1.01E+03,nan,nan,2.86E+00,7.00E+00,7.00E+00,1.87E+02,2.34E+06,-2.20E+00
2.84E+03,4.64E+03,1.07E+03,nan,nan,4.27E+00,9.00E+00,6.00E+00,1.36E+04,2.68E+07,-1.70E+00
2.84E+03,4.73E+03,1.03E+03,nan,nan,2.15E+00,6.00E+00,5.00E+00,9.28E+01,4.53E+06,-1.90E+00
2.75E+03,4.64E+03,1.13E+03,nan,nan,5.24E+00,1.10E+01,1.10E+01,2.25E+05,3.64E+08,-1.00E+00
2.75E+03,4.67E+03,9.68E+02,nan,nan,3.53E+00,7.00E+00,6.00E+00,6.31E+03,1.78E+07,-1.80E+00
2.77E+03,4.60E+03,1.04E+03,nan,nan,4.81E+00,1.00E+01,9.00E+00,3.70E+03,4.31E+08,-4.00E-01
2.75E+03,4.70E+03,9.75E+02,nan,nan,2.41E+00,6.00E+00,5.00E+00,1.44E+03,7.19E+06,-2.00E+00
2.76E+03,4.73E+03,9.54E+02,nan,nan,3.33E+00,7.00E+00,7.00E+00,2.01E+01,4.13E+06,-1.70E+00
2.91E+03,4.70E+03,1.18E+03,nan,nan,3.83E+00,1.00E+01,6.00E+00,7.70E+03,2.67E+08,-7.00E-01
2.79E+03,4.75E+03,9.87E+02,nan,nan,2.37E+00,6.00E+00,5.00E+00,4.27E+03,5.99E+06,-2.20E+00
2.76E+03,4.61E+03,1.06E+03,nan,nan,5.13E+00,8.00E+00,7.00E+00,3.84E+03,2.89E+07,-1.60E+00
2.79E+03,4.68E+03,9.87E+02,nan,nan,2.67E+00,7.00E+00,5.00E+00,8.76E+01,3.31E+06,-2.00E+00
2.87E+03,4.71E+03,1.04E+03,nan,nan,2.73E+00,9.00E+00,7.00E+00,4.98E+01,5.29E+06,-1.70E+00
2.76E+03,4.80E+03,9.98E+02,nan,nan,3.34E+00,6.00E+00,6.00E+00,6.51E+01,8.20E+05,-2.50E+00
2.78E+03,4.60E+03,1.07E+03,nan,nan,4.51E+00,7.00E+00,7.00E+00,3.32E+03,5.30E+07,-1.30E+00
2.82E+03,4.65E+03,1.09E+03,nan,nan,3.04E+00,9.00E+00,7.00E+00,3.29E+01,2.44E+07,-1.10E+00
2.73E+03,4.66E+03,1.17E+03,nan,nan,4.58E+00,1.00E+01,1.00E+01,3.68E+03,1.04E+08,-1.00E+00
2.79E+03,4.60E+03,1.07E+03,nan,nan,4.74E+00,9.00E+00,9.00E+00,1.55E+04,8.87E+07,-1.30E+00
2.79E+03,4.62E+03,1.08E+03,nan,nan,4.02E+00,1.00E+01,9.00E+00,2.01E+04,1.65E+08,-1.00E+00
2.77E+03,4.67E+03,9.59E+02,nan,nan,4.69E+00,1.20E+01,1.20E+01,9.05E+02,5.88E+07,-1.10E+00
2.75E+03,4.63E+03,1.10E+03,nan,nan,6.49E+00,1.50E+01,1.50E+01,8.81E+04,4.26E+08,-8.00E-01
2.73E+03,4.73E+03,1.01E+03,nan,nan,2.70E+00,9.00E+00,6.00E+00,2.36E+02,5.23E+06,-1.90E+00
2.84E+03,4.70E+03,1.05E+03,nan,nan,5.02E+00,1.20E+01,1.20E+01,1.89E+04,3.88E+08,-7.00E-01
2.76E+03,4.68E+03,9.70E+02,nan,nan,4.35E+00,1.20E+01,9.00E+00,1.29E+03,2.64E+07,-1.50E+00
2.77E+03,4.67E+03,9.85E+02,nan,nan,5.75E+00,1.30E+01,1.10E+01,1.74E+03,2.78E+07,-1.50E+00
2.77E+03,4.65E+03,9.60E+02,nan,nan,3.50E+00,1.10E+01,1.10E+01,3.17E+02,1.17E+07,-1.60E+00
2.84E+03,4.71E+03,1.05E+03,nan,nan,2.41E+00,6.00E+00,6.00E+00,6.04E+02,3.09E+06,-2.20E+00
2.77E+03,4.69E+03,9.63E+02,nan,nan,3.65E+00,1.10E+01,9.00E+00,2.50E+02,1.84E+07,-1.40E+00
2.70E+03,4.72E+03,1.05E+03,nan,nan,2.92E+00,6.00E+00,6.00E+00,1.85E+03,4.30E+06,-2.20E+00
2.74E+03,4.69E+03,9.63E+02,nan,nan,3.65E+00,7.00E+00,6.00E+00,7.72E+01,4.76E+06,-1.80E+00
2.73E+03,4.64E+03,9.66E+02,nan,nan,4.32E+00,8.00E+00,6.00E+00,2.39E+03,7.45E+06,-2.00E+00
2.78E+03,4.68E+03,9.72E+02,nan,nan,3.17E+00,8.00E+00,6.00E+00,3.35E+01,5.22E+06,-1.70E+00
2.75E+03,4.77E+03,1.01E+03,nan,nan,3.02E+00,7.00E+00,6.00E+00,1.35E+02,2.72E+06,-2.10E+00
2.99E+03,4.52E+03,9.59E+02,nan,nan,7.26E+00,1.10E+01,1.10E+01,1.95E+02,1.25E+08,-6.00E-01
2.83E+03,4.74E+03,1.14E+03,nan,nan,3.15E+00,7.00E+00,7.00E+00,3.75E+03,2.02E+07,-1.70E+00
2.80E+03,4.71E+03,1.16E+03,nan,nan,3.11E+00,1.00E+01,9.00E+00,3.43E+04,5.81E+07,-1.50E+00
2.74E+03,4.77E+03,1.07E+03,nan,nan,1.55E+00,7.00E+00,7.00E+00,9.13E+03,1.13E+07,-2.00E+00
2.77E+03,4.69E+03,9.67E+02,nan,nan,2.57E+00,6.00E+00,6.00E+00,5.26E+03,2.02E+07,-1.70E+00
2.77E+03,4.67E+03,9.74E+02,nan,nan,4.37E+00,1.00E+01,1.00E+01,2.76E+04,5.17E+07,-1.50E+00
2.77E+03,4.67E+03,9.96E+02,nan,nan,5.03E+00,1.00E+01,1.00E+01,2.60E+04,4.52E+07,-1.60E+00
2.76E+03,4.67E+03,9.77E+02,nan,nan,4.38E+00,7.00E+00,6.00E+00,1.53E+02,5.07E+06,-1.90E+00
2.74E+03,4.68E+03,9.81E+02,nan,nan,5.51E+00,1.00E+01,9.00E+00,1.01E+04,9.90E+07,-1.20E+00
2.76E+03,4.67E+03,9.83E+02,nan,nan,5.46E+00,1.10E+01,1.00E+01,1.55E+04,5.26E+07,-1.50E+00
2.77E+03,4.69E+03,9.66E+02,nan,nan,2.26E+00,9.00E+00,6.00E+00,9.53E+02,1.77E+07,-1.60E+00
2.80E+03,4.69E+03,1.00E+03,nan,nan,2.88E+00,7.00E+00,6.00E+00,2.30E+03,7.84E+06,-2.00E+00
2.79E+03,4.70E+03,9.79E+02,nan,nan,3.42E+00,7.00E+00,6.00E+00,1.01E+03,4.29E+06,-2.20E+00
2.75E+03,4.70E+03,9.62E+02,nan,nan,3.02E+00,8.00E+00,7.00E+00,1.83E+02,9.46E+06,-1.60E+00
2.75E+03,4.63E+03,9.92E+02,nan,nan,6.32E+00,1.20E+01,1.20E+01,4.09E+03,1.97E+07,-1.70E+00
2.76E+03,4.68E+03,9.73E+02,nan,nan,5.07E+00,1.10E+01,1.00E+01,3.09E+03,4.83E+07,-1.30E+00
2.76E+03,4.72E+03,9.57E+02,nan,nan,4.22E+00,8.00E+00,7.00E+00,7.85E+02,7.19E+06,-1.90E+00
2.79E+03,4.68E+03,1.02E+03,nan,nan,4.73E+00,1.10E+01,1.10E+01,2.64E+04,3.79E+07,-1.70E+00
2.73E+03,4.70E+03,1.00E+03,nan,nan,3.64E+00,8.00E+00,8.00E+00,1.84E+04,3.21E+07,-1.70E+00
2.79E+03,4.69E+03,9.86E+02,nan,nan,1.94E+00,6.00E+00,6.00E+00,1.22E+03,5.67E+06,-2.10E+00
2.84E+03,4.69E+03,9.60E+02,nan,nan,3.96E+00,9.00E+00,8.00E+00,2.67E+04,3.49E+07,-1.70E+00
2.78E+03,4.69E+03,9.68E+02,nan,nan,4.40E+00,9.00E+00,8.00E+00,1.10E+03,1.81E+07,-1.60E+00
2.81E+03,4.68E+03,9.58E+02,nan,nan,3.84E+00,6.00E+00,6.00E+00,3.67E+01,2.64E+06,-2.00E+00
2.78E+03,4.66E+03,9.89E+02,nan,nan,5.03E+00,1.20E+01,1.00E+01,1.18E+03,4.97E+07,-1.20E+00
2.79E+03,4.77E+03,1.00E+03,nan,nan,3.24E+00,7.00E+00,7.00E+00,2.76E+01,2.26E+06,-2.00E+00
2.87E+03,4.64E+03,9.89E+02,nan,nan,2.74E+00,6.00E+00,6.00E+00,2.41E+02,5.04E+06,-1.90E+00
2.78E+03,4.67E+03,9.69E+02,nan,nan,4.19E+00,1.10E+01,1.10E+01,1.18E+02,3.70E+07,-1.00E+00
2.79E+03,4.68E+03,9.92E+02,nan,nan,4.37E+00,1.10E+01,1.10E+01,1.80E+04,8.77E+07,-1.30E+00
2.92E+03,4.75E+03,1.13E+03,nan,nan,2.66E+00,8.00E+00,8.00E+00,1.35E+03,4.19E+07,-1.30E+00
2.70E+03,4.73E+03,1.03E+03,nan,nan,3.91E+00,9.00E+00,8.00E+00,1.14E+03,2.07E+07,-1.50E+00
2.79E+03,4.69E+03,9.63E+02,nan,nan,4.39E+00,8.00E+00,8.00E+00,2.34E+03,4.68E+07,-1.30E+00
2.78E+03,4.66E+03,9.89E+02,nan,nan,6.12E+00,1.10E+01,1.10E+01,4.21E+03,4.90E+07,-1.30E+00
2.80E+03,4.65E+03,1.07E+03,nan,nan,4.12E+00,1.20E+01,1.10E+01,9.85E+03,8.04E+07,-1.20E+00
2.76E+03,4.71E+03,9.58E+02,nan,nan,4.33E+00,1.10E+01,9.00E+00,1.41E+04,4.64E+07,-1.50E+00
2.79E+03,4.69E+03,9.88E+02,nan,nan,2.34E+00,7.00E+00,6.00E+00,1.09E+03,4.19E+06,-2.20E+00
2.92E+03,4.73E+03,1.11E+03,nan,nan,3.69E+00,9.00E+00,9.00E+00,4.55E+03,1.97E+07,-1.70E+00
2.78E+03,4.68E+03,9.77E+02,nan,nan,3.82E+00,6.00E+00,6.00E+00,5.76E+02,3.93E+06,-2.10E+00
2.79E+03,4.67E+03,9.92E+02,nan,nan,4.76E+00,1.10E+01,1.00E+01,1.41E+04,5.61E+07,-1.40E+00
2.79E+03,4.67E+03,9.88E+02,nan,nan,3.74E+00,7.00E+00,6.00E+00,2.67E+03,5.26E+06,-2.20E+00
2.78E+03,4.70E+03,9.63E+02,nan,nan,4.22E+00,9.00E+00,8.00E+00,1.65E+03,1.36E+07,-1.80E+00
2.80E+03,4.79E+03,1.00E+03,nan,nan,3.11E+00,8.00E+00,8.00E+00,2.66E+01,6.85E+06,-1.60E+00
2.88E+03,4.78E+03,1.21E+03,nan,nan,4.49E+00,1.10E+01,1.00E+01,4.57E+03,5.97E+07,-1.30E+00
2.91E+03,4.61E+03,9.79E+02,nan,nan,5.33E+00,9.00E+00,9.00E+00,4.06E+02,9.18E+07,-8.00E-01
2.88E+03,4.71E+03,1.04E+03,nan,nan,2.16E+00,9.00E+00,6.00E+00,3.69E+04,2.03E+07,-2.00E+00
2.81E+03,4.68E+03,9.68E+02,nan,nan,3.34E+00,9.00E+00,7.00E+00,5.64E+02,9.89E+06,-1.80E+00
2.77E+03,4.78E+03,9.77E+02,nan,nan,4.72E+00,1.10E+01,1.00E+01,7.29E+02,6.76E+06,-1.90E+00
2.69E+03,4.70E+03,1.01E+03,nan,nan,4.31E+00,9.00E+00,9.00E+00,3.63E+04,4.34E+07,-1.70E+00
2.75E+03,4.64E+03,1.06E+03,nan,nan,5.04E+00,8.00E+00,7.00E+00,3.76E+04,2.43E+07,-1.90E+00
2.81E+03,4.68E+03,1.00E+03,nan,nan,1.73E+00,8.00E+00,6.00E+00,5.11E+02,4.11E+06,-2.10E+00
2.96E+03,4.53E+03,9.46E+02,nan,nan,5.53E+00,9.00E+00,9.00E+00,4.30E+00,4.86E+07,-5.00E-01
2.81E+03,4.67E+03,9.89E+02,nan,nan,4.77E+00,9.00E+00,9.00E+00,4.68E+03,1.78E+07,-1.80E+00
2.82E+03,4.70E+03,1.01E+03,nan,nan,2.42E+00,6.00E+00,6.00E+00,1.28E+03,3.71E+06,-2.30E+00
2.81E+03,4.63E+03,1.01E+03,nan,nan,5.54E+00,6.00E+00,6.00E+00,8.19E+03,1.65E+07,-1.90E+00
2.94E+03,4.66E+03,9.47E+02,nan,nan,2.88E+00,7.00E+00,5.00E+00,9.77E+02,1.74E+07,-1.60E+00
2.78E+03,4.68E+03,9.67E+02,nan,nan,3.68E+00,6.00E+00,6.00E+00,3.82E+01,3.00E+06,-1.90E+00
2.81E+03,4.69E+03,9.67E+02,nan,nan,2.97E+00,7.00E+00,5.00E+00,4.00E+02,2.82E+06,-2.20E+00
2.81E+03,4.62E+03,1.01E+03,nan,nan,5.50E+00,1.00E+01,8.00E+00,5.69E+04,6.45E+07,-1.50E+00
2.79E+03,4.67E+03,9.97E+02,nan,nan,3.25E+00,1.20E+01,1.00E+01,4.20E+04,1.30E+08,-1.20E+00
2.83E+03,4.67E+03,1.03E+03,nan,nan,3.12E+00,8.00E+00,7.00E+00,7.18E+03,1.63E+07,-1.90E+00
2.81E+03,4.66E+03,1.06E+03,nan,nan,3.49E+00,6.00E+00,6.00E+00,2.66E+04,1.68E+07,-2.00E+00
2.71E+03,4.64E+03,1.13E+03,nan,nan,7.43E+00,1.30E+01,1.20E+01,1.38E+04,5.25E+07,-1.50E+00
2.77E+03,4.71E+03,1.07E+03,nan,nan,2.58E+00,6.00E+00,6.00E+00,5.63E+04,2.46E+07,-1.90E+00
2.81E+03,4.68E+03,9.72E+02,nan,nan,3.57E+00,1.20E+01,8.00E+00,3.17E+03,2.81E+07,-1.50E+00
2.80E+03,4.63E+03,1.06E+03,nan,nan,2.48E+00,1.20E+01,9.00E+00,2.20E+04,5.47E+07,-1.50E+00
2.80E+03,4.80E+03,1.14E+03,nan,nan,1.71E+00,6.00E+00,6.00E+00,9.51E+00,1.59E+06,-2.00E+00
2.82E+03,4.66E+03,9.85E+02,nan,nan,3.46E+00,6.00E+00,6.00E+00,1.86E+03,5.86E+06,-2.10E+00
2.78E+03,4.60E+03,1.08E+03,nan,nan,4.38E+00,7.00E+00,5.00E+00,3.56E+04,2.19E+07,-1.90E+00
2.95E+03,4.53E+03,9.31E+02,nan,nan,5.18E+00,7.00E+00,6.00E+00,1.21E+05,8.52E+08,-6.00E-01
2.69E+03,4.72E+03,1.03E+03,nan,nan,3.73E+00,9.00E+00,9.00E+00,2.35E+04,6.72E+07,-1.40E+00
2.79E+03,4.68E+03,9.97E+02,nan,nan,3.35E+00,6.00E+00,6.00E+00,2.80E+03,6.51E+06,-2.10E+00
2.78E+03,4.84E+03,1.02E+03,nan,nan,3.55E+00,1.00E+01,7.00E+00,5.63E+03,5.44E+07,-1.30E+00
2.70E+03,4.67E+03,1.05E+03,nan,nan,6.21E+00,8.00E+00,8.00E+00,4.35E+04,1.35E+08,-1.20E+00
2.72E+03,4.62E+03,1.16E+03,nan,nan,7.65E+00,7.00E+00,6.00E+00,5.04E+04,3.04E+07,-1.80E+00
2.96E+03,4.51E+03,9.18E+02,nan,nan,7.63E+00,1.30E+01,1.30E+01,1.11E+04,2.54E+08,-8.00E-01
2.92E+03,4.74E+03,1.10E+03,nan,nan,2.67E+00,6.00E+00,6.00E+00,3.98E+02,2.08E+06,-2.40E+00
3.12E+03,4.66E+03,1.13E+03,nan,nan,5.30E+00,1.30E+01,1.30E+01,1.58E+03,4.60E+08,-3.00E-01
2.83E+03,4.64E+03,1.05E+03,nan,nan,5.96E+00,1.00E+01,9.00E+00,1.68E+04,1.04E+08,-1.20E+00
2.80E+03,4.67E+03,1.00E+03,nan,nan,4.50E+00,1.30E+01,1.10E+01,6.50E+03,4.90E+07,-1.40E+00
2.91E+03,4.65E+03,1.07E+03,nan,nan,2.00E+00,9.00E+00,9.00E+00,4.74E+02,8.76E+06,-1.80E+00
2.76E+03,4.68E+03,9.80E+02,nan,nan,3.00E+00,1.00E+01,8.00E+00,4.06E+03,3.95E+07,-1.40E+00
2.88E+03,4.79E+03,1.21E+03,nan,nan,4.00E+00,1.60E+01,1.60E+01,6.49E+03,1.66E+08,-9.00E-01
2.72E+03,4.72E+03,1.02E+03,nan,nan,4.00E+00,1.00E+01,8.00E+00,1.29E+02,5.48E+06,-1.80E+00
2.85E+03,4.71E+03,1.06E+03,nan,nan,3.00E+00,7.00E+00,7.00E+00,1.86E+02,1.97E+06,-2.30E+00
2.82E+03,4.75E+03,1.15E+03,nan,nan,8.00E+00,1.60E+01,1.50E+01,6.82E+06,6.83E+11,1.70E+00
2.81E+03,4.78E+03,1.06E+03,nan,nan,2.00E+00,7.00E+00,6.00E+00,2.25E+02,1.96E+06,-2.30E+00
2.89E+03,4.79E+03,1.18E+03,nan,nan,3.00E+00,9.00E+00,9.00E+00,1.10E+04,1.70E+07,-1.90E+00
2.84E+03,4.75E+03,1.16E+03,nan,nan,2.00E+00,6.00E+00,6.00E+00,2.30E+01,3.00E+06,-1.90E+00
2.68E+03,4.72E+03,1.06E+03,nan,nan,5.00E+00,1.00E+01,9.00E+00,1.78E+02,5.03E+07,-1.00E+00
2.88E+03,4.71E+03,1.12E+03,nan,nan,4.00E+00,9.00E+00,8.00E+00,1.79E+04,2.75E+07,-1.80E+00
2.67E+03,4.71E+03,9.95E+02,nan,nan,5.00E+00,7.00E+00,7.00E+00,1.28E+01,5.52E+06,-1.60E+00
2.79E+03,4.77E+03,1.01E+03,nan,nan,3.00E+00,7.00E+00,7.00E+00,3.13E+01,2.73E+06,-1.90E+00
2.78E+03,4.70E+03,9.71E+02,nan,nan,3.00E+00,7.00E+00,7.00E+00,7.48E+03,7.43E+06,-2.20E+00
3.03E+03,4.56E+03,9.65E+02,nan,nan,6.00E+00,8.00E+00,8.00E+00,9.20E+01,4.32E+08,0.00E+00
2.69E+03,4.71E+03,9.86E+02,nan,nan,2.00E+00,8.00E+00,8.00E+00,8.91E+02,6.63E+06,-2.00E+00
2.73E+03,4.73E+03,9.95E+02,nan,nan,3.00E+00,8.00E+00,6.00E+00,1.12E+02,1.17E+07,-1.50E+00
2.74E+03,4.69E+03,1.00E+03,nan,nan,4.00E+00,7.00E+00,7.00E+00,2.19E+04,1.71E+07,-2.00E+00
2.63E+03,4.65E+03,1.05E+03,nan,nan,7.00E+00,1.50E+01,1.30E+01,6.04E+04,1.29E+08,-1.30E+00
2.80E+03,4.75E+03,9.73E+02,nan,nan,3.00E+00,7.00E+00,7.00E+00,4.32E+02,3.07E+06,-2.20E+00
2.73E+03,4.74E+03,1.01E+03,nan,nan,1.00E+00,9.00E+00,5.00E+00,8.52E+02,4.46E+06,-2.10E+00
2.72E+03,4.69E+03,1.08E+03,nan,nan,6.00E+00,1.20E+01,8.00E+00,1.49E+04,2.79E+07,-1.70E+00
2.69E+03,4.71E+03,1.06E+03,nan,nan,4.00E+00,1.20E+01,9.00E+00,1.30E+04,2.99E+07,-1.70E+00
2.67E+03,4.70E+03,1.04E+03,nan,nan,6.00E+00,1.10E+01,8.00E+00,5.85E+03,2.20E+07,-1.70E+00
2.69E+03,4.68E+03,1.08E+03,nan,nan,7.00E+00,1.60E+01,1.30E+01,8.51E+04,1.38E+08,-1.30E+00
2.87E+03,4.70E+03,9.41E+02,nan,nan,2.00E+00,6.00E+00,6.00E+00,1.95E+02,4.19E+06,-2.00E+00
2.85E+03,4.77E+03,1.03E+03,nan,nan,3.00E+00,9.00E+00,8.00E+00,3.19E+02,4.99E+06,-2.00E+00
2.73E+03,4.61E+03,1.08E+03,nan,nan,6.00E+00,1.00E+01,9.00E+00,1.58E+04,3.23E+07,-1.70E+00
2.79E+03,4.79E+03,1.21E+03,nan,nan,2.00E+00,6.00E+00,6.00E+00,1.44E+03,4.92E+06,-2.20E+00
2.74E+03,4.72E+03,9.66E+02,nan,nan,3.00E+00,8.00E+00,7.00E+00,1.33E+02,4.59E+06,-1.90E+00
2.80E+03,4.78E+03,1.21E+03,nan,nan,2.00E+00,7.00E+00,6.00E+00,1.46E+03,1.11E+07,-1.80E+00
2.73E+03,4.78E+03,1.06E+03,nan,nan,1.00E+00,6.00E+00,6.00E+00,3.66E+04,2.64E+07,-1.90E+00
2.89E+03,4.73E+03,1.08E+03,nan,nan,2.00E+00,6.00E+00,6.00E+00,4.53E+02,1.82E+06,-2.40E+00
2.74E+03,4.76E+03,1.00E+03,nan,nan,2.00E+00,6.00E+00,6.00E+00,2.20E+02,2.53E+06,-2.20E+00
2.78E+03,4.72E+03,9.65E+02,nan,nan,3.00E+00,6.00E+00,6.00E+00,1.04E+03,4.02E+06,-2.20E+00
2.81E+03,4.76E+03,9.88E+02,nan,nan,4.00E+00,1.00E+01,8.00E+00,6.95E+01,1.97E+06,-2.20E+00
2.96E+03,4.76E+03,1.13E+03,nan,nan,2.00E+00,6.00E+00,5.00E+00,1.25E+03,3.20E+06,-2.30E+00
2.71E+03,4.68E+03,9.95E+02,nan,nan,6.00E+00,9.00E+00,5.00E+00,7.87E+03,1.44E+07,-1.90E+00
3.12E+03,4.53E+03,8.79E+02,nan,nan,8.00E+00,1.30E+01,1.30E+01,3.89E+00,4.03E+08,3.00E-01
2.65E+03,4.80E+03,1.19E+03,nan,nan,7.00E+00,1.50E+01,1.50E+01,1.43E+05,7.46E+08,-7.00E-01
2.69E+03,4.64E+03,1.08E+03,nan,nan,7.00E+00,1.10E+01,8.00E+00,7.13E+02,2.16E+07,-1.50E+00
2.95E+03,4.53E+03,9.40E+02,nan,nan,5.00E+00,7.00E+00,7.00E+00,1.12E+01,5.07E+06,-1.60E+00
2.72E+03,4.61E+03,1.07E+03,nan,nan,9.00E+00,1.30E+01,1.10E+01,4.53E+04,2.51E+08,-1.00E+00
2.90E+03,4.75E+03,1.08E+03,nan,nan,4.00E+00,1.20E+01,1.20E+01,3.94E+01,3.41E+08,0.00E+00
2.92E+03,4.80E+03,1.21E+03,nan,nan,3.00E+00,9.00E+00,9.00E+00,7.27E+03,1.75E+07,-1.80E+00
2.82E+03,4.67E+03,9.84E+02,nan,nan,4.00E+00,1.30E+01,1.20E+01,9.29E+03,1.35E+08,-1.00E+00
2.85E+03,4.70E+03,1.05E+03,nan,nan,2.00E+00,6.00E+00,5.00E+00,8.59E+00,1.27E+06,-2.10E+00
2.75E+03,4.64E+03,1.15E+03,nan,nan,2.00E+00,9.00E+00,4.00E+00,3.27E+03,2.72E+07,-1.60E+00
2.91E+03,4.77E+03,1.18E+03,nan,nan,7.00E+00,1.40E+01,1.40E+01,4.89E+03,5.68E+07,-1.30E+00
2.76E+03,4.62E+03,1.10E+03,nan,nan,4.00E+00,6.00E+00,5.00E+00,3.23E+04,4.90E+07,-1.60E+00
2.69E+03,4.72E+03,1.05E+03,nan,nan,3.00E+00,1.00E+01,6.00E+00,1.17E+04,1.57E+07,-1.90E+00
2.83E+03,4.67E+03,9.48E+02,nan,nan,7.00E+00,1.60E+01,1.60E+01,7.12E+03,7.16E+08,-3.00E-01
2.73E+03,4.64E+03,1.13E+03,nan,nan,8.00E+00,1.50E+01,1.20E+01,7.14E+04,9.14E+07,-1.40E+00
2.81E+03,4.80E+03,1.22E+03,nan,nan,5.00E+00,9.00E+00,9.00E+00,6.60E+03,2.61E+07,-1.70E+00
2.72E+03,4.71E+03,1.09E+03,nan,nan,3.00E+00,6.00E+00,6.00E+00,1.77E+03,9.42E+06,-1.90E+00
2.84E+03,4.69E+03,1.01E+03,nan,nan,2.00E+00,6.00E+00,4.00E+00,1.09E+02,3.22E+06,-2.00E+00
2.83E+03,4.64E+03,1.01E+03,nan,nan,6.00E+00,1.20E+01,1.20E+01,2.48E+01,2.32E+07,-1.00E+00
2.82E+03,4.81E+03,1.23E+03,nan,nan,3.00E+00,6.00E+00,6.00E+00,3.67E+02,1.78E+07,-1.50E+00
2.81E+03,4.78E+03,1.21E+03,nan,nan,7.00E+00,1.60E+01,1.60E+01,7.01E+05,2.85E+10,6.00E-01
2.83E+03,4.68E+03,1.01E+03,nan,nan,4.00E+00,8.00E+00,8.00E+00,2.64E+02,5.81E+06,-1.90E+00
2.80E+03,4.65E+03,1.00E+03,nan,nan,3.00E+00,1.20E+01,8.00E+00,9.79E+03,4.86E+07,-1.50E+00
2.81E+03,4.66E+03,9.90E+02,nan,nan,5.00E+00,1.30E+01,1.10E+01,6.56E+03,1.27E+08,-1.00E+00
2.99E+03,4.54E+03,9.61E+02,nan,nan,4.00E+00,1.00E+01,1.00E+01,1.70E+01,2.89E+07,-9.00E-01
2.84E+03,4.68E+03,1.00E+03,nan,nan,3.00E+00,7.00E+00,7.00E+00,3.85E+02,6.10E+06,-1.90E+00
2.91E+03,4.72E+03,1.12E+03,nan,nan,4.00E+00,6.00E+00,6.00E+00,6.88E+02,3.85E+06,-2.20E+00
2.77E+03,4.67E+03,9.69E+02,nan,nan,3.00E+00,6.00E+00,5.00E+00,3.29E+02,5.78E+06,-1.90E+00
2.80E+03,4.80E+03,1.23E+03,nan,nan,3.00E+00,7.00E+00,7.00E+00,1.94E+04,1.23E+08,-1.20E+00
2.81E+03,4.77E+03,1.09E+03,nan,nan,1.00E+00,6.00E+00,5.00E+00,2.83E+01,1.44E+06,-2.20E+00
2.79E+03,4.69E+03,9.56E+02,nan,nan,4.00E+00,6.00E+00,6.00E+00,4.80E+03,1.63E+07,-1.80E+00
2.83E+03,4.69E+03,1.01E+03,nan,nan,4.00E+00,8.00E+00,8.00E+00,2.95E+03,1.27E+07,-1.90E+00
2.70E+03,4.91E+03,1.29E+03,nan,nan,3.00E+00,8.00E+00,8.00E+00,7.40E+04,1.03E+08,-1.40E+00
2.79E+03,4.66E+03,9.67E+02,nan,nan,6.00E+00,1.30E+01,1.20E+01,2.71E+02,7.33E+07,-9.00E-01
2.76E+03,4.90E+03,1.30E+03,nan,nan,2.00E+00,7.00E+00,7.00E+00,3.38E+04,4.38E+07,-1.60E+00
2.76E+03,4.95E+03,1.33E+03,nan,nan,4.00E+00,9.00E+00,9.00E+00,1.94E+04,8.51E+07,-1.30E+00
2.82E+03,4.80E+03,1.23E+03,nan,nan,7.00E+00,1.40E+01,1.40E+01,1.04E+04,1.26E+08,-1.10E+00
2.60E+03,4.91E+03,1.56E+03,nan,nan,8.00E+00,7.00E+00,6.00E+00,5.63E+04,5.04E+08,-7.00E-01
2.75E+03,4.83E+03,1.25E+03,nan,nan,3.00E+00,8.00E+00,8.00E+00,5.15E+04,4.13E+08,-8.00E-01
2.82E+03,4.74E+03,1.05E+03,nan,nan,2.00E+00,6.00E+00,5.00E+00,1.16E+04,9.01E+06,-2.20E+00
3.05E+03,4.47E+03,9.14E+02,nan,nan,4.00E+00,1.00E+01,1.00E+01,2.26E+02,1.51E+08,-5.00E-01
2.96E+03,4.71E+03,1.11E+03,nan,nan,4.00E+00,9.00E+00,9.00E+00,4.84E+03,1.55E+07,-1.80E+00
2.67E+03,4.77E+03,1.06E+03,nan,nan,4.00E+00,8.00E+00,8.00E+00,1.11E+04,3.42E+07,-1.60E+00
3.01E+03,4.61E+03,1.07E+03,nan,nan,6.00E+00,1.00E+01,1.00E+01,1.12E+04,3.14E+07,-1.60E+00
2.88E+03,4.62E+03,9.83E+02,nan,nan,5.00E+00,8.00E+00,8.00E+00,7.06E+02,9.09E+06,-1.80E+00
2.94E+03,4.52E+03,9.69E+02,nan,nan,1.00E+01,1.00E+01,1.00E+01,1.01E+04,7.03E+07,-1.30E+00
2.96E+03,4.69E+03,1.12E+03,nan,nan,4.00E+00,8.00E+00,8.00E+00,1.13E+04,5.52E+07,-1.40E+00
2.97E+03,4.71E+03,1.08E+03,nan,nan,2.00E+00,7.00E+00,7.00E+00,3.41E+03,2.49E+07,-1.60E+00
2.99E+03,4.61E+03,1.06E+03,nan,nan,3.00E+00,7.00E+00,7.00E+00,2.01E+01,3.72E+07,-8.00E-01
2.85E+03,4.75E+03,1.16E+03,nan,nan,4.00E+00,9.00E+00,7.00E+00,4.06E+02,4.14E+07,-1.10E+00
3.00E+03,4.62E+03,1.06E+03,nan,nan,3.00E+00,8.00E+00,8.00E+00,3.98E+03,2.01E+07,-1.70E+00
2.80E+03,4.77E+03,1.00E+03,nan,nan,4.00E+00,6.00E+00,6.00E+00,2.38E+02,2.95E+07,-1.20E+00
3.01E+03,4.50E+03,8.94E+02,nan,nan,5.00E+00,1.20E+01,1.00E+01,2.78E+02,3.70E+07,-1.10E+00
2.75E+03,4.79E+03,1.04E+03,nan,nan,3.00E+00,1.00E+01,9.00E+00,2.74E+02,1.21E+07,-1.60E+00
2.84E+03,4.75E+03,1.15E+03,nan,nan,2.00E+00,6.00E+00,6.00E+00,6.45E+02,2.11E+06,-2.40E+00
2.85E+03,4.79E+03,1.21E+03,nan,nan,4.00E+00,6.00E+00,6.00E+00,4.68E+02,4.97E+06,-2.00E+00
2.82E+03,4.80E+03,1.22E+03,nan,nan,4.00E+00,8.00E+00,7.00E+00,7.02E+03,2.53E+07,-1.70E+00
2.95E+03,4.57E+03,9.44E+02,nan,nan,6.00E+00,1.00E+01,7.00E+00,2.45E+04,6.21E+07,-1.50E+00
2.85E+03,4.80E+03,1.22E+03,nan,nan,7.00E+00,1.40E+01,1.40E+01,1.22E+04,5.72E+08,-5.00E-01
2.95E+03,4.53E+03,9.57E+02,nan,nan,7.00E+00,1.10E+01,1.10E+01,1.26E+01,1.44E+07,-1.20E+00
2.99E+03,4.53E+03,9.50E+02,nan,nan,7.00E+00,1.10E+01,1.10E+01,2.32E+02,3.70E+07,-1.10E+00
2.99E+03,4.51E+03,9.63E+02,nan,nan,7.00E+00,1.30E+01,1.30E+01,2.20E+04,1.15E+08,-1.20E+00
2.94E+03,4.51E+03,9.34E+02,nan,nan,6.00E+00,6.00E+00,6.00E+00,1.17E+01,5.59E+06,-1.50E+00
3.06E+03,4.54E+03,9.29E+02,nan,nan,7.00E+00,1.20E+01,9.00E+00,6.83E+04,2.18E+08,-1.10E+00
2.80E+03,4.80E+03,1.22E+03,nan,nan,4.00E+00,8.00E+00,8.00E+00,2.71E+02,1.08E+07,-1.60E+00
2.92E+03,4.66E+03,1.05E+03,nan,nan,2.00E+00,8.00E+00,7.00E+00,3.41E+02,1.96E+06,-2.40E+00
2.85E+03,4.70E+03,1.05E+03,nan,nan,2.00E+00,6.00E+00,5.00E+00,1.17E+02,8.42E+05,-2.60E+00
2.92E+03,4.64E+03,1.03E+03,nan,nan,5.00E+00,9.00E+00,9.00E+00,3.81E+02,6.27E+06,-1.90E+00
2.75E+03,4.80E+03,1.05E+03,nan,nan,2.00E+00,6.00E+00,6.00E+00,1.55E+01,1.28E+06,-2.20E+00
2.80E+03,4.81E+03,1.24E+03,nan,nan,3.00E+00,7.00E+00,6.00E+00,4.79E+03,1.36E+07,-1.90E+00
2.87E+03,4.53E+03,9.20E+02,nan,nan,4.00E+00,6.00E+00,5.00E+00,6.33E+01,4.74E+08,1.00E-01
2.93E+03,4.54E+03,9.40E+02,nan,nan,6.00E+00,6.00E+00,6.00E+00,3.71E+01,1.09E+07,-1.40E+00
2.98E+03,4.59E+03,9.31E+02,nan,nan,6.00E+00,9.00E+00,7.00E+00,1.42E+02,2.28E+07,-1.30E+00
2.92E+03,4.66E+03,1.05E+03,nan,nan,3.00E+00,9.00E+00,8.00E+00,1.36E+03,1.19E+07,-1.80E+00
2.74E+03,4.85E+03,1.05E+03,nan,nan,3.00E+00,7.00E+00,7.00E+00,1.57E+02,4.77E+06,-1.90E+00
2.84E+03,4.79E+03,1.22E+03,nan,nan,5.00E+00,1.30E+01,1.30E+01,6.34E+03,1.24E+08,-1.00E+00
2.74E+03,4.79E+03,1.05E+03,nan,nan,2.00E+00,9.00E+00,7.00E+00,8.96E+02,1.49E+07,-1.70E+00
2.90E+03,4.52E+03,9.22E+02,nan,nan,9.00E+00,1.20E+01,1.20E+01,1.24E+05,6.19E+08,-7.00E-01
2.89E+03,4.55E+03,8.96E+02,nan,nan,7.00E+00,6.00E+00,5.00E+00,1.20E+02,1.46E+07,-1.40E+00
2.81E+03,4.80E+03,1.23E+03,nan,nan,2.00E+00,1.20E+01,6.00E+00,1.85E+04,4.01E+08,-7.00E-01
2.90E+03,4.52E+03,9.19E+02,nan,nan,6.00E+00,7.00E+00,5.00E+00,1.56E+03,1.26E+07,-1.80E+00
2.68E+03,4.87E+03,1.25E+03,nan,nan,3.00E+00,6.00E+00,6.00E+00,9.72E+03,3.67E+07,-1.60E+00
3.09E+03,4.61E+03,1.02E+03,nan,nan,5.00E+00,8.00E+00,7.00E+00,2.52E+04,7.89E+07,-1.40E+00
2.76E+03,4.60E+03,1.06E+03,nan,nan,4.00E+00,8.00E+00,6.00E+00,1.07E+04,3.19E+07,-1.60E+00
2.80E+03,4.80E+03,1.24E+03,nan,nan,2.00E+00,7.00E+00,6.00E+00,6.75E+03,1.73E+07,-1.80E+00
2.73E+03,4.78E+03,1.20E+03,nan,nan,4.00E+00,6.00E+00,5.00E+00,2.21E+01,1.43E+07,-1.20E+00
3.09E+03,4.51E+03,8.54E+02,nan,nan,6.00E+00,9.00E+00,9.00E+00,1.19E+04,9.04E+07,-1.20E+00
2.81E+03,4.67E+03,9.72E+02,nan,nan,2.00E+00,7.00E+00,7.00E+00,5.33E+03,1.18E+07,-2.00E+00
3.06E+03,4.48E+03,1.08E+03,nan,nan,6.00E+00,1.50E+01,5.00E+00,1.10E+04,2.78E+09,2.00E-01
2.85E+03,4.68E+03,1.06E+03,nan,nan,5.00E+00,1.00E+01,1.00E+01,3.90E+01,3.01E+07,-1.00E+00
2.93E+03,4.57E+03,9.82E+02,nan,nan,6.00E+00,1.00E+01,9.00E+00,2.61E+03,3.45E+07,-1.40E+00
2.84E+03,4.74E+03,1.16E+03,nan,nan,2.00E+00,8.00E+00,6.00E+00,1.36E+04,3.32E+07,-1.60E+00
3.10E+03,4.46E+03,8.73E+02,nan,nan,1.30E+01,1.30E+01,1.30E+01,5.24E+01,1.75E+08,-3.00E-01
2.84E+03,4.68E+03,1.01E+03,nan,nan,3.00E+00,7.00E+00,7.00E+00,4.87E+02,2.43E+06,-2.30E+00
2.67E+03,4.70E+03,1.17E+03,nan,nan,6.00E+00,1.30E+01,1.00E+01,2.06E+04,6.53E+07,-1.40E+00
2.93E+03,4.67E+03,1.08E+03,nan,nan,4.00E+00,9.00E+00,9.00E+00,7.67E+02,2.98E+06,-2.30E+00
2.94E+03,4.66E+03,1.07E+03,nan,nan,3.00E+00,6.00E+00,6.00E+00,7.06E+02,3.91E+06,-2.20E+00
2.90E+03,4.72E+03,1.12E+03,nan,nan,4.00E+00,7.00E+00,6.00E+00,2.08E+03,8.18E+06,-2.00E+00
2.85E+03,4.53E+03,9.49E+02,nan,nan,5.00E+00,8.00E+00,7.00E+00,6.00E+03,5.51E+07,-1.30E+00
2.95E+03,4.68E+03,1.08E+03,nan,nan,5.00E+00,1.20E+01,1.20E+01,3.34E+03,4.88E+07,-1.30E+00
2.95E+03,4.57E+03,1.00E+03,nan,nan,6.00E+00,1.20E+01,1.20E+01,2.16E+01,3.76E+07,-8.00E-01
2.87E+03,4.54E+03,8.97E+02,nan,nan,3.00E+00,6.00E+00,5.00E+00,1.18E+02,5.67E+06,-1.80E+00
3.03E+03,4.51E+03,9.32E+02,nan,nan,6.00E+00,1.60E+01,1.50E+01,2.30E+04,1.16E+08,-1.20E+00
2.95E+03,4.58E+03,9.86E+02,nan,nan,3.00E+00,6.00E+00,6.00E+00,4.15E+02,4.26E+06,-2.10E+00
2.94E+03,4.60E+03,9.90E+02,nan,nan,5.00E+00,1.30E+01,1.20E+01,2.08E+01,1.43E+07,-1.20E+00
2.93E+03,4.58E+03,9.77E+02,nan,nan,2.00E+00,6.00E+00,4.00E+00,7.20E+01,1.88E+06,-2.20E+00
2.93E+03,4.55E+03,9.85E+02,nan,nan,5.00E+00,8.00E+00,8.00E+00,2.47E+03,1.08E+07,-1.90E+00
2.92E+03,4.56E+03,9.60E+02,nan,nan,3.00E+00,6.00E+00,5.00E+00,1.31E+01,1.67E+06,-2.00E+00
3.09E+03,4.45E+03,8.49E+02,nan,nan,5.00E+00,6.00E+00,5.00E+00,7.20E+02,2.94E+06,-2.30E+00
2.83E+03,4.52E+03,9.09E+02,nan,nan,7.00E+00,7.00E+00,5.00E+00,3.68E+03,1.31E+07,-1.90E+00
2.91E+03,4.59E+03,9.44E+02,nan,nan,3.00E+00,8.00E+00,5.00E+00,8.68E+02,3.49E+06,-2.20E+00
2.67E+03,4.74E+03,1.04E+03,nan,nan,6.00E+00,8.00E+00,8.00E+00,1.88E+03,1.50E+07,-1.70E+00
2.91E+03,4.58E+03,9.94E+02,nan,nan,4.00E+00,7.00E+00,7.00E+00,3.22E+03,6.46E+06,-2.10E+00
2.96E+03,4.57E+03,9.84E+02,nan,nan,4.00E+00,8.00E+00,8.00E+00,4.06E+01,8.87E+06,-1.50E+00
2.95E+03,4.60E+03,1.00E+03,nan,nan,3.00E+00,6.00E+00,6.00E+00,1.81E+03,3.28E+06,-2.30E+00
2.84E+03,4.81E+03,1.15E+03,nan,nan,3.00E+00,7.00E+00,7.00E+00,3.35E+03,1.08E+07,-1.90E+00
2.68E+03,4.75E+03,1.09E+03,nan,nan,4.00E+00,7.00E+00,6.00E+00,1.01E+03,8.14E+06,-1.90E+00
2.93E+03,4.58E+03,9.62E+02,nan,nan,2.00E+00,6.00E+00,6.00E+00,7.76E+01,1.17E+06,-2.40E+00
2.96E+03,4.48E+03,9.02E+02,nan,nan,5.00E+00,6.00E+00,4.00E+00,1.30E+03,5.13E+06,-2.10E+00
2.67E+03,4.76E+03,1.04E+03,nan,nan,5.00E+00,6.00E+00,5.00E+00,1.63E+02,3.98E+06,-2.00E+00
2.98E+03,4.45E+03,8.75E+02,nan,nan,7.00E+00,1.20E+01,1.10E+01,4.42E+02,2.40E+07,-1.40E+00
2.96E+03,4.48E+03,9.26E+02,nan,nan,8.00E+00,9.00E+00,9.00E+00,4.71E+03,3.53E+07,-1.50E+00
2.87E+03,4.50E+03,9.13E+02,nan,nan,6.00E+00,8.00E+00,6.00E+00,1.82E+03,6.24E+06,-2.10E+00
2.86E+03,4.51E+03,9.31E+02,nan,nan,7.00E+00,1.00E+01,8.00E+00,5.40E+02,3.65E+07,-1.20E+00
2.86E+03,4.51E+03,8.99E+02,nan,nan,7.00E+00,1.30E+01,1.00E+01,2.96E+04,3.29E+07,-1.70E+00
2.89E+03,4.59E+03,1.00E+03,nan,nan,4.00E+00,6.00E+00,5.00E+00,5.09E+03,8.16E+06,-2.10E+00
2.80E+03,4.67E+03,9.74E+02,nan,nan,1.00E+00,8.00E+00,7.00E+00,2.26E+03,9.05E+06,-2.00E+00
2.84E+03,4.68E+03,1.00E+03,nan,nan,3.00E+00,6.00E+00,5.00E+00,5.14E+01,2.04E+06,-2.10E+00
2.82E+03,4.61E+03,9.42E+02,nan,nan,4.00E+00,8.00E+00,6.00E+00,4.34E+03,1.84E+07,-1.80E+00
2.88E+03,4.50E+03,9.10E+02,nan,nan,6.00E+00,9.00E+00,9.00E+00,4.05E+01,1.02E+07,-1.40E+00
2.95E+03,4.66E+03,1.08E+03,nan,nan,3.00E+00,8.00E+00,8.00E+00,2.53E+03,5.41E+06,-2.20E+00
2.80E+03,4.60E+03,9.44E+02,nan,nan,6.00E+00,1.70E+01,1.40E+01,1.21E+03,2.96E+07,-1.40E+00
2.85E+03,4.52E+03,9.65E+02,nan,nan,5.00E+00,7.00E+00,6.00E+00,1.34E+03,1.54E+07,-1.70E+00
2.80E+03,4.69E+03,9.73E+02,nan,nan,3.00E+00,1.00E+01,7.00E+00,4.61E+03,1.76E+07,-1.80E+00
2.87E+03,4.50E+03,8.99E+02,nan,nan,6.00E+00,7.00E+00,6.00E+00,1.87E+04,2.21E+07,-1.80E+00
2.90E+03,4.51E+03,8.97E+02,nan,nan,7.00E+00,8.00E+00,7.00E+00,1.42E+04,2.71E+07,-1.70E+00
2.80E+03,4.59E+03,9.38E+02,nan,nan,7.00E+00,1.30E+01,1.00E+01,1.52E+03,1.84E+07,-1.60E+00
2.88E+03,4.60E+03,1.00E+03,nan,nan,5.00E+00,6.00E+00,5.00E+00,7.09E+03,7.58E+06,-2.20E+00
3.02E+03,4.48E+03,8.82E+02,nan,nan,3.00E+00,8.00E+00,5.00E+00,1.14E+03,1.84E+07,-1.60E+00
2.88E+03,4.62E+03,1.00E+03,nan,nan,5.00E+00,1.00E+01,1.00E+01,5.18E+03,9.59E+06,-2.00E+00
2.88E+03,4.70E+03,1.05E+03,nan,nan,4.00E+00,8.00E+00,8.00E+00,6.05E+00,1.35E+06,-2.00E+00
2.90E+03,4.52E+03,8.91E+02,nan,nan,4.00E+00,7.00E+00,7.00E+00,7.59E+02,5.14E+06,-2.10E+00
2.88E+03,4.52E+03,9.02E+02,nan,nan,5.00E+00,6.00E+00,6.00E+00,1.63E+02,3.48E+06,-2.00E+00
2.91E+03,4.55E+03,8.99E+02,nan,nan,4.00E+00,9.00E+00,8.00E+00,8.49E+01,9.00E+06,-1.60E+00
2.87E+03,4.53E+03,9.03E+02,nan,nan,6.00E+00,9.00E+00,9.00E+00,1.44E+03,1.71E+07,-1.70E+00
2.67E+03,4.71E+03,1.22E+03,nan,nan,4.00E+00,7.00E+00,4.00E+00,1.41E+04,3.87E+07,-1.60E+00
2.85E+03,4.67E+03,1.00E+03,nan,nan,2.00E+00,7.00E+00,6.00E+00,8.08E+04,2.67E+07,-1.90E+00
2.88E+03,4.60E+03,1.01E+03,nan,nan,1.00E+00,6.00E+00,6.00E+00,2.54E+03,6.03E+06,-2.10E+00
2.78E+03,4.73E+03,1.08E+03,nan,nan,1.00E+00,1.20E+01,6.00E+00,1.62E+04,5.50E+07,-1.50E+00
2.84E+03,4.67E+03,1.05E+03,nan,nan,3.00E+00,1.10E+01,9.00E+00,3.91E+03,3.44E+07,-1.50E+00
2.87E+03,4.49E+03,9.02E+02,nan,nan,4.00E+00,6.00E+00,6.00E+00,4.46E+03,4.38E+06,-2.30E+00
2.89E+03,4.53E+03,8.73E+02,nan,nan,5.00E+00,8.00E+00,8.00E+00,2.07E+03,1.67E+07,-1.70E+00
2.94E+03,4.58E+03,9.66E+02,nan,nan,6.00E+00,1.40E+01,1.40E+01,1.97E+03,2.42E+07,-1.50E+00
2.73E+03,4.62E+03,9.49E+02,nan,nan,9.00E+00,1.50E+01,1.50E+01,5.19E+02,7.21E+08,0.00E+00
2.89E+03,4.54E+03,8.78E+02,nan,nan,4.00E+00,6.00E+00,6.00E+00,1.75E+03,4.95E+06,-2.20E+00
2.89E+03,4.54E+03,8.77E+02,nan,nan,3.00E+00,6.00E+00,6.00E+00,4.18E+03,6.03E+06,-2.20E+00
2.91E+03,4.51E+03,8.93E+02,nan,nan,5.00E+00,7.00E+00,7.00E+00,1.30E+01,6.32E+06,-1.50E+00
2.87E+03,4.60E+03,1.02E+03,nan,nan,5.00E+00,1.10E+01,1.00E+01,3.38E+03,1.41E+07,-1.80E+00
2.90E+03,4.50E+03,9.07E+02,nan,nan,6.00E+00,7.00E+00,6.00E+00,8.15E+03,3.36E+07,-1.60E+00
2.88E+03,4.63E+03,9.91E+02,nan,nan,3.00E+00,7.00E+00,7.00E+00,1.64E+03,4.90E+06,-2.20E+00
2.65E+03,4.74E+03,1.16E+03,nan,nan,8.00E+00,1.60E+01,1.50E+01,3.11E+04,1.61E+08,-1.10E+00
2.90E+03,4.52E+03,9.02E+02,nan,nan,6.00E+00,1.00E+01,1.00E+01,3.70E+01,1.75E+07,-1.20E+00
2.88E+03,4.53E+03,9.00E+02,nan,nan,5.00E+00,1.00E+01,9.00E+00,1.03E+04,1.85E+07,-1.90E+00
2.84E+03,4.49E+03,8.77E+02,nan,nan,7.00E+00,1.40E+01,1.30E+01,4.40E+03,5.58E+07,-1.30E+00
2.88E+03,4.52E+03,8.68E+02,nan,nan,4.00E+00,6.00E+00,5.00E+00,2.71E+03,9.11E+06,-2.00E+00
2.90E+03,4.49E+03,9.30E+02,nan,nan,6.00E+00,7.00E+00,7.00E+00,4.17E+03,8.86E+06,-2.00E+00
2.89E+03,4.48E+03,8.66E+02,nan,nan,5.00E+00,6.00E+00,6.00E+00,1.37E+03,2.41E+06,-2.40E+00
2.91E+03,4.52E+03,8.83E+02,nan,nan,5.00E+00,6.00E+00,6.00E+00,3.88E+03,1.74E+07,-1.80E+00
2.87E+03,4.65E+03,1.04E+03,nan,nan,4.00E+00,7.00E+00,7.00E+00,2.19E+03,5.68E+06,-2.10E+00
2.98E+03,4.45E+03,8.71E+02,nan,nan,3.00E+00,6.00E+00,6.00E+00,2.06E+00,5.62E+06,-1.30E+00
2.84E+03,4.63E+03,1.03E+03,nan,nan,5.00E+00,7.00E+00,7.00E+00,2.02E+04,1.27E+07,-2.10E+00
2.99E+03,4.46E+03,8.82E+02,nan,nan,9.00E+00,1.50E+01,1.50E+01,1.01E+05,5.73E+08,-7.00E-01
2.85E+03,4.54E+03,9.19E+02,nan,nan,4.00E+00,6.00E+00,6.00E+00,3.77E+03,1.02E+07,-2.00E+00
2.84E+03,4.53E+03,9.49E+02,nan,nan,5.00E+00,6.00E+00,6.00E+00,3.49E+02,1.01E+07,-1.70E+00
2.99E+03,4.46E+03,8.86E+02,nan,nan,7.00E+00,1.40E+01,1.40E+01,7.27E+04,4.60E+08,-8.00E-01
2.83E+03,4.54E+03,9.25E+02,nan,nan,7.00E+00,1.50E+01,1.50E+01,6.44E+03,9.07E+07,-1.10E+00
3.03E+03,4.46E+03,9.01E+02,nan,nan,5.00E+00,7.00E+00,6.00E+00,5.51E+03,2.12E+07,-1.70E+00
2.82E+03,4.52E+03,9.13E+02,nan,nan,1.00E+00,1.50E+01,1.10E+01,9.17E+03,4.83E+07,-1.40E+00
2.82E+03,4.52E+03,9.27E+02,nan,nan,8.00E+00,1.50E+01,1.10E+01,1.52E+04,5.07E+07,-1.50E+00
2.76E+03,4.78E+03,1.01E+03,nan,nan,4.00E+00,9.00E+00,9.00E+00,1.77E+02,5.44E+06,-1.90E+00
2.69E+03,4.64E+03,1.09E+03,nan,nan,8.00E+00,1.50E+01,1.20E+01,1.99E+04,5.37E+07,-1.50E+00
2.74E+03,4.63E+03,1.12E+03,nan,nan,5.00E+00,1.60E+01,1.10E+01,6.16E+04,7.76E+07,-1.50E+00
2.83E+03,4.55E+03,9.32E+02,nan,nan,7.00E+00,1.60E+01,1.10E+01,4.44E+03,4.23E+07,-1.40E+00
3.00E+03,4.46E+03,8.50E+02,nan,nan,5.00E+00,6.00E+00,6.00E+00,8.40E+02,1.14E+07,-1.80E+00
2.83E+03,4.55E+03,9.23E+02,nan,nan,5.00E+00,7.00E+00,7.00E+00,3.64E+03,8.08E+06,-2.10E+00
2.68E+03,4.68E+03,1.08E+03,nan,nan,7.00E+00,1.90E+01,1.60E+01,4.20E+04,1.21E+08,-1.30E+00
2.78E+03,4.78E+03,1.01E+03,nan,nan,4.00E+00,9.00E+00,9.00E+00,3.66E+01,1.79E+06,-2.10E+00
2.87E+03,4.50E+03,9.15E+02,nan,nan,6.00E+00,6.00E+00,6.00E+00,2.83E+03,1.53E+07,-1.80E+00
2.88E+03,4.54E+03,9.08E+02,nan,nan,7.00E+00,1.30E+01,1.30E+01,1.42E+02,2.48E+07,-1.20E+00
2.83E+03,4.55E+03,9.23E+02,nan,nan,6.00E+00,1.60E+01,1.40E+01,3.74E+02,3.85E+07,-1.20E+00
2.65E+03,4.75E+03,1.09E+03,nan,nan,4.00E+00,8.00E+00,7.00E+00,2.61E+02,1.10E+07,-1.60E+00
2.83E+03,4.52E+03,8.75E+02,nan,nan,8.00E+00,1.60E+01,1.60E+01,2.75E+04,9.09E+07,-1.30E+00
2.74E+03,4.62E+03,1.11E+03,nan,nan,7.00E+00,1.80E+01,1.80E+01,3.90E+05,2.20E+08,-1.30E+00
2.87E+03,4.61E+03,1.03E+03,nan,nan,4.00E+00,6.00E+00,5.00E+00,3.81E+02,4.24E+06,-2.10E+00
2.80E+03,4.62E+03,9.45E+02,nan,nan,5.00E+00,1.50E+01,1.00E+01,1.59E+03,7.24E+07,-1.10E+00
2.86E+03,4.62E+03,1.03E+03,nan,nan,4.00E+00,8.00E+00,8.00E+00,9.18E+03,1.19E+07,-2.00E+00
2.66E+03,4.70E+03,1.07E+03,nan,nan,4.00E+00,9.00E+00,8.00E+00,2.04E+04,1.97E+07,-1.90E+00
3.02E+03,4.57E+03,1.01E+03,nan,nan,4.00E+00,1.30E+01,1.20E+01,5.69E+01,1.36E+07,-1.40E+00
2.92E+03,4.54E+03,9.58E+02,nan,nan,2.00E+00,9.00E+00,9.00E+00,1.96E+03,2.86E+07,-1.50E+00
2.88E+03,4.58E+03,9.81E+02,nan,nan,5.00E+00,1.10E+01,1.10E+01,1.89E+04,3.85E+07,-1.60E+00
2.71E+03,4.60E+03,1.08E+03,nan,nan,8.00E+00,1.70E+01,1.60E+01,1.55E+04,1.68E+08,-1.00E+00
2.85E+03,4.55E+03,9.37E+02,nan,nan,6.00E+00,8.00E+00,8.00E+00,5.54E+02,4.92E+06,-2.00E+00
2.97E+03,4.50E+03,1.00E+03,nan,nan,5.00E+00,6.00E+00,5.00E+00,4.76E+02,5.95E+06,-1.90E+00
2.86E+03,4.53E+03,8.92E+02,nan,nan,5.00E+00,7.00E+00,5.00E+00,9.65E+03,1.66E+07,-1.90E+00
2.85E+03,4.59E+03,1.02E+03,nan,nan,5.00E+00,9.00E+00,8.00E+00,1.07E+03,1.20E+07,-1.80E+00
2.88E+03,4.49E+03,9.23E+02,nan,nan,7.00E+00,6.00E+00,6.00E+00,2.23E+01,1.44E+07,-1.20E+00
2.88E+03,4.55E+03,8.82E+02,nan,nan,4.00E+00,6.00E+00,5.00E+00,3.08E+02,5.64E+06,-1.90E+00
2.85E+03,4.55E+03,9.45E+02,nan,nan,5.00E+00,6.00E+00,5.00E+00,2.54E+02,6.82E+06,-1.80E+00
2.87E+03,4.50E+03,9.12E+02,nan,nan,6.00E+00,6.00E+00,6.00E+00,7.29E+03,6.68E+06,-2.20E+00
2.68E+03,4.73E+03,1.10E+03,nan,nan,4.00E+00,9.00E+00,7.00E+00,6.94E+03,1.31E+07,-1.90E+00
2.67E+03,4.69E+03,1.08E+03,nan,nan,8.00E+00,1.80E+01,1.60E+01,3.84E+04,1.12E+08,-1.30E+00
2.68E+03,4.71E+03,1.07E+03,nan,nan,2.00E+00,9.00E+00,5.00E+00,2.66E+04,2.57E+07,-1.80E+00
2.68E+03,4.66E+03,1.08E+03,nan,nan,4.00E+00,9.00E+00,5.00E+00,3.60E+04,2.89E+07,-1.80E+00
2.68E+03,4.70E+03,1.06E+03,nan,nan,2.00E+00,6.00E+00,5.00E+00,1.65E+04,1.25E+07,-2.10E+00
2.77E+03,4.65E+03,1.15E+03,nan,nan,8.00E+00,1.30E+01,9.00E+00,3.12E+04,3.17E+07,-1.80E+00
2.77E+03,4.62E+03,1.12E+03,nan,nan,1.00E+00,1.30E+01,6.00E+00,9.81E+03,4.61E+07,-1.50E+00
3.00E+03,4.45E+03,9.07E+02,nan,nan,3.00E+00,6.00E+00,6.00E+00,8.63E+02,1.14E+07,-1.80E+00
2.71E+03,4.71E+03,1.05E+03,nan,nan,4.00E+00,7.00E+00,5.00E+00,2.02E+03,1.47E+07,-1.80E+00
2.73E+03,4.62E+03,1.08E+03,nan,nan,8.00E+00,1.20E+01,7.00E+00,9.72E+04,5.69E+07,-1.70E+00
2.66E+03,4.76E+03,1.08E+03,nan,nan,3.00E+00,6.00E+00,6.00E+00,1.06E+02,5.91E+06,-1.80E+00
2.76E+03,4.64E+03,1.14E+03,nan,nan,7.00E+00,1.60E+01,1.30E+01,2.62E+04,5.83E+07,-1.50E+00
2.68E+03,4.64E+03,1.10E+03,nan,nan,9.00E+00,1.50E+01,1.50E+01,2.48E+04,6.27E+07,-1.50E+00
2.98E+03,4.45E+03,8.86E+02,nan,nan,4.00E+00,6.00E+00,6.00E+00,5.56E+02,3.03E+06,-2.20E+00
2.70E+03,4.65E+03,1.08E+03,nan,nan,3.00E+00,6.00E+00,5.00E+00,6.27E+03,9.95E+06,-2.00E+00
2.90E+03,4.53E+03,8.99E+02,nan,nan,2.00E+00,9.00E+00,6.00E+00,4.19E+03,1.80E+07,-1.80E+00
2.91E+03,4.53E+03,8.92E+02,nan,nan,4.00E+00,6.00E+00,5.00E+00,7.17E+03,1.39E+07,-1.90E+00
2.87E+03,4.46E+03,9.03E+02,nan,nan,1.00E+00,1.30E+01,1.10E+01,5.31E+03,6.75E+07,-1.20E+00
2.74E+03,4.60E+03,1.09E+03,nan,nan,6.00E+00,6.00E+00,5.00E+00,3.35E+04,2.74E+07,-1.80E+00
2.87E+03,4.54E+03,9.16E+02,nan,nan,4.00E+00,6.00E+00,6.00E+00,2.43E+02,5.96E+06,-1.90E+00
3.01E+03,4.46E+03,8.78E+02,nan,nan,5.00E+00,6.00E+00,6.00E+00,2.44E+02,1.55E+07,-1.50E+00
3.02E+03,4.46E+03,8.77E+02,nan,nan,7.00E+00,1.20E+01,1.20E+01,6.86E+02,3.07E+07,-1.30E+00
2.99E+03,4.46E+03,8.43E+02,nan,nan,5.00E+00,1.00E+01,6.00E+00,1.06E+02,1.21E+07,-1.50E+00
2.67E+03,4.76E+03,1.10E+03,nan,nan,4.00E+00,6.00E+00,6.00E+00,2.31E+02,5.78E+06,-1.90E+00
2.66E+03,4.69E+03,1.20E+03,nan,nan,9.00E+00,1.90E+01,1.80E+01,5.12E+05,3.07E+09,-2.00E-01
2.71E+03,4.65E+03,1.12E+03,nan,nan,7.00E+00,8.00E+00,6.00E+00,3.60E+04,3.55E+07,-1.70E+00
3.01E+03,4.44E+03,8.84E+02,nan,nan,5.00E+00,1.20E+01,1.10E+01,1.67E+04,6.63E+07,-1.40E+00
2.69E+03,4.67E+03,1.19E+03,nan,nan,9.00E+00,1.80E+01,1.70E+01,1.04E+05,7.66E+08,-6.00E-01
2.97E+03,4.48E+03,9.03E+02,nan,nan,5.00E+00,1.10E+01,1.10E+01,1.69E+03,3.85E+07,-1.30E+00
2.66E+03,4.70E+03,1.20E+03,nan,nan,6.00E+00,1.10E+01,1.10E+01,1.29E+03,1.24E+08,-8.00E-01
3.00E+03,4.46E+03,8.67E+02,nan,nan,9.00E+00,1.40E+01,1.40E+01,1.19E+03,3.70E+07,-1.30E+00
2.74E+03,4.79E+03,1.16E+03,nan,nan,2.00E+00,6.00E+00,6.00E+00,7.59E+02,1.31E+07,-1.70E+00
2.85E+03,4.55E+03,9.47E+02,nan,nan,6.00E+00,1.00E+01,1.00E+01,1.39E+03,2.23E+07,-1.50E+00
2.66E+03,4.70E+03,1.13E+03,nan,nan,3.00E+00,1.10E+01,8.00E+00,1.13E+05,6.44E+07,-1.60E+00
2.87E+03,4.61E+03,1.03E+03,nan,nan,4.00E+00,8.00E+00,8.00E+00,1.30E+04,9.99E+06,-2.10E+00
2.90E+03,4.53E+03,8.91E+02,nan,nan,5.00E+00,1.10E+01,1.10E+01,9.60E+03,9.72E+07,-1.20E+00
